Date,open_adj,high_adj,low_adj,close_adj,volume
2004-08-19,2.481989,2.582757,2.381716,2.490427,893181924
2004-08-20,2.507057,2.707354,2.494399,2.688242,456686856
2004-08-23,2.748803,2.816561,2.706609,2.715296,365122512
2004-08-24,2.760964,2.7699,2.570596,2.602861,304946748
2004-08-25,2.605096,2.680548,2.578291,2.630909,183772044
2004-08-26,2.604847,2.679307,2.597649,2.678314,141897960
2004-08-27,2.68303,2.695936,2.623214,2.634631,124235640
2004-08-30,2.613038,2.61825,2.531877,2.531877,103935960
2004-08-31,2.539074,2.57407,2.5356,2.540812,98357544
2004-09-01,2.549003,2.555704,2.473798,2.488194,182765052
2004-09-02,2.461885,2.540812,2.45568,2.519467,302373324
2004-09-03,2.505568,2.525175,2.465111,2.482237,103048848
2004-09-07,2.507057,2.531629,2.47231,2.521204,116950932
2004-09-08,2.500356,2.557193,2.494399,2.539075,99712188
2004-09-09,2.544783,2.54925,2.506809,2.539322,81234684
2004-09-10,2.521701,2.644808,2.514255,2.614279,173977848
2004-09-13,2.646544,2.690724,2.642325,2.668138,156882960
2004-09-14,2.666897,2.779828,2.650515,2.767169,216579204
2004-09-15,2.744087,2.835176,2.735152,2.779828,214261524
2004-09-16,2.788266,2.874143,2.77114,2.828722,185326488
2004-09-17,2.839892,2.916089,2.818299,2.916089,189450360
2004-09-20,2.902686,3.018099,2.898218,2.962502,212575212
2004-09-21,2.973671,2.988812,2.916585,2.924776,144575280
2004-09-22,2.913855,2.970196,2.899211,2.938178,151624224
2004-09-23,2.949596,3.043663,2.904423,2.998739,170713116
2004-09-24,3.001718,3.080148,2.97243,2.974167,182469348
2004-09-27,2.967466,3.000228,2.923783,2.9352,141322536
2004-09-28,3.010653,3.162054,2.983599,3.148652,338581080
2004-09-29,3.14468,3.351182,3.133015,3.253391,610329060
2004-09-30,3.224104,3.283672,3.201766,3.216657,275160564
2004-10-01,3.246441,3.331822,3.199284,3.290621,302497200
2004-10-04,3.35689,3.397098,3.32661,3.352174,260455284
2004-10-05,3.342246,3.438299,3.282182,3.434328,299464236
2004-10-06,3.413976,3.436314,3.375505,3.40231,267628104
2004-10-07,3.398339,3.471807,3.389156,3.446242,282301416
2004-10-08,3.443015,3.466842,3.400821,3.418444,221390388
2004-10-11,3.400324,3.44649,3.322143,3.357138,209442348
2004-10-12,3.336786,3.415465,3.310973,3.410252,233310456
2004-10-13,3.557187,3.562895,3.476771,3.497123,395324280
2004-10-14,3.499853,3.533856,3.439044,3.524425,208842948
2004-10-15,3.597147,3.611294,3.523183,3.576794,263895840
2004-10-18,3.554209,3.703128,3.504817,3.702135,280726992
2004-10-19,3.735393,3.782551,3.65721,3.671854,362197440
2004-10-20,3.674087,3.697914,3.464856,3.486946,454453092
2004-10-21,3.583992,3.72621,3.514992,3.707595,582996420
2004-10-22,4.232783,4.471799,4.072446,4.279693,1474200324
2004-10-25,4.378228,4.825732,4.282672,4.651248,1309257432
2004-10-26,4.624937,4.781303,4.46758,4.512256,891391716
2004-10-27,4.535091,4.703865,4.511511,4.615755,533725740
2004-10-28,4.633377,4.824739,4.606572,4.797684,593278128
2004-10-29,4.936428,4.962737,4.730671,4.731664,845653500
2004-11-01,4.803891,4.906149,4.747301,4.865444,488507004
2004-11-02,4.933697,4.945363,4.798677,4.836652,453398148
2004-11-03,4.918805,5.003689,4.734394,4.757228,554992452
2004-11-04,4.67706,4.725706,4.550726,4.584233,575807616
2004-11-05,4.516723,4.524666,4.183393,4.203249,792530676
2004-11-08,4.242464,4.354401,4.204489,4.282672,447224328
2004-11-09,4.321143,4.348444,4.101983,4.187116,442125432
2004-11-10,4.23601,4.281927,4.128292,4.166267,425334240
2004-11-11,4.197788,4.560655,4.159068,4.542536,598820580
2004-11-12,4.597388,4.710815,4.403048,4.51722,669174156
2004-11-15,4.47875,4.674082,4.436555,4.588453,475583940
2004-11-16,4.405531,4.454425,4.239981,4.282424,835859304
2004-11-17,4.195058,4.405531,4.194561,4.281431,724590684
2004-11-18,4.226579,4.329085,4.1134,4.158325,664518816
2004-11-19,4.197043,4.218885,4.133008,4.204489,350421228
2004-11-22,4.082128,4.206972,4.003697,4.097764,494233272
2004-11-23,4.168996,4.239981,4.132512,4.157827,496035468
2004-11-24,4.339013,4.398333,4.281679,4.337523,610628760
2004-11-26,4.363336,4.468325,4.351422,4.45244,258944796
2004-11-29,4.476516,4.540798,4.405778,4.493641,426237336
2004-11-30,4.485202,4.54204,4.473785,4.516723,307692000
2004-12-01,4.515978,4.529629,4.456411,4.466587,314249436
2004-12-02,4.465098,4.505058,4.431591,4.452688,250185564
2004-12-03,4.466339,4.49389,4.408013,4.477509,234533232
2004-12-06,4.445987,4.484954,4.368797,4.375499,249909840
2004-12-07,4.3683,4.373264,4.233032,4.254873,274561164
2004-12-08,4.228068,4.310718,4.18786,4.218885,301370328
2004-12-09,4.225586,4.306251,4.181406,4.304513,305853840
2004-12-10,4.304513,4.340502,4.251399,4.260334,172515312
2004-12-13,4.273241,4.298309,4.20573,4.23055,192551256
2004-12-14,4.244201,4.438293,4.209453,4.435067,443092464
2004-12-15,4.417692,4.484706,4.384682,4.46212,458381160
2004-12-16,4.391879,4.479742,4.367059,4.379965,342569088
2004-12-17,4.387163,4.47999,4.381952,4.469566,295152552
2004-12-20,4.51722,4.677556,4.513992,4.592175,392986620
2004-12-21,4.624193,4.663161,4.551968,4.560654,220431348
2004-12-22,4.564377,4.637596,4.542288,4.623944,156123720
2004-12-23,4.652488,4.681031,4.616499,4.663656,144439416
2004-12-27,4.694681,4.797684,4.693441,4.763186,243919836
2004-12-28,4.76815,4.80389,4.740847,4.784282,165666168
2004-12-29,4.759958,4.803145,4.759958,4.787756,107016876
2004-12-30,4.789494,4.920047,4.761696,4.90441,235935828
2004-12-31,4.944867,4.960999,4.779318,4.785027,306433260
2005-01-03,4.899446,5.054322,4.851295,5.03124,633134232
2005-01-04,4.998726,5.0367,4.802153,4.827468,549685764
2005-01-05,4.801408,4.887036,4.771128,4.802897,329134536
2005-01-06,4.841864,4.862216,4.65919,4.67979,415068516
2005-01-07,4.731664,4.821263,4.685498,4.811335,386129484
2005-01-10,4.827468,4.91682,4.7612,4.841368,301282416
2005-01-11,4.855266,4.907141,4.794706,4.803641,278069652
2005-01-12,4.823249,4.862961,4.728189,4.84931,326784888
2005-01-13,4.84931,4.899199,4.8163,4.848069,273702024
2005-01-14,4.864698,4.964226,4.818285,4.963233,385226388
2005-01-18,4.988053,5.088574,4.930718,5.060775,526377096
2005-01-19,5.07939,5.095524,4.882321,4.896964,449857692
2005-01-20,4.777828,4.870903,4.765419,4.813073,359703936
2005-01-21,4.82846,4.848813,4.669117,4.673088,369965664
2005-01-24,4.683265,4.69915,4.475524,4.485451,560347092
2005-01-25,4.51573,4.523177,4.375498,4.396098,425941632
2005-01-26,4.449462,4.701136,4.446483,4.696916,491823684
2005-01-27,4.685002,4.687483,4.596643,4.668124,264830904
2005-01-28,4.716275,4.832432,4.624938,4.724217,487839672
2005-01-31,4.807364,4.873634,4.758469,4.855266,383484132
2005-02-01,4.82449,4.881079,4.731416,4.762936,752806440
2005-02-02,5.349927,5.380952,5.054819,5.111904,1310660028
2005-02-03,5.112649,5.29582,5.108181,5.233522,519004476
2005-02-04,5.124562,5.156332,5.028509,5.072192,592179228
2005-02-07,5.094532,5.122826,4.852537,4.865444,517897584
2005-02-08,4.888525,4.964475,4.828213,4.930223,458740800
2005-02-09,4.98284,5.003689,4.702375,4.754993,686173140
2005-02-10,4.764673,4.77063,4.597884,4.665642,758548692
2005-02-11,4.632881,4.773361,4.618237,4.651248,524115360
2005-02-14,4.538317,4.792225,4.492401,4.789991,1540945512
2005-02-15,4.805131,4.960007,4.792225,4.845588,1030280688
2005-02-16,4.832432,4.947348,4.822504,4.924514,660630708
2005-02-17,4.910119,4.957773,4.884802,4.911856,416159424
2005-02-18,4.926996,4.935186,4.881079,4.913097,339096564
2005-02-22,4.877108,4.936675,4.725459,4.749782,538808652
2005-02-23,4.797684,4.826972,4.68252,4.813818,622816560
2005-02-24,4.551224,4.712056,4.522928,4.688229,1031539428
2005-02-25,4.694682,4.713794,4.604338,4.613273,398541060
2005-02-28,4.6165,4.712553,4.612777,4.665891,312423264
2005-03-01,4.698158,4.709575,4.517221,4.61799,372075552
2005-03-02,4.615257,4.657947,4.575795,4.596146,291128580
2005-03-03,4.619727,4.659935,4.574554,4.641569,304039656
2005-03-04,4.633873,4.647524,4.593417,4.614017,270693036
2005-03-07,4.660679,4.705852,4.642064,4.686244,346349304
2005-03-08,4.693441,4.712056,4.590935,4.596644,321522156
2005-03-09,4.572072,4.582993,4.471552,4.501087,453961584
2005-03-10,4.492648,4.497364,4.403047,4.467083,437981580
2005-03-11,4.478501,4.491158,4.396843,4.412976,320810868
2005-03-14,4.426131,4.427868,4.283169,4.343232,445418136
2005-03-15,4.350926,4.46758,4.323873,4.43308,416467116
2005-03-16,4.385675,4.433081,4.343729,4.358372,283967748
2005-03-17,4.396348,4.458645,4.363336,4.449958,330093576
2005-03-18,4.438045,4.477509,4.425635,4.468574,283316400
2005-03-21,4.449462,4.52144,4.399326,4.489422,299048652
2005-03-22,4.496867,4.51573,4.414218,4.432832,225042732
2005-03-23,4.417196,4.473537,4.417196,4.442264,193606200
2005-03-24,4.484954,4.488925,4.447724,4.448965,148059792
2005-03-28,4.509277,4.586716,4.491158,4.502824,349170480
2005-03-29,4.493641,4.54899,4.419677,4.456908,258661080
2005-03-30,4.483465,4.503569,4.457651,4.478749,249194556
2005-03-31,4.416699,4.502079,4.409005,4.480238,270473256
2005-04-01,4.511264,4.540799,4.467332,4.468574,247032720
2005-04-04,4.466339,4.599622,4.463609,4.598877,322732944
2005-04-05,4.659438,4.722232,4.655467,4.680286,349118532
2005-04-06,4.696916,4.707092,4.655714,4.696419,209893896
2005-04-07,4.685498,4.830446,4.682024,4.809102,387300312
2005-04-08,4.807364,4.84236,4.751768,4.76666,204459336
2005-04-11,4.792472,4.834914,4.773361,4.795948,216203580
2005-04-12,4.790239,4.825482,4.701135,4.814066,292491216
2005-04-13,4.801904,4.823001,4.709078,4.788501,261969768
2005-04-14,4.79694,4.823994,4.718261,4.751768,245861892
2005-04-15,4.71826,4.724217,4.58324,4.59168,462632904
2005-04-18,4.581255,4.663161,4.554202,4.640574,261749988
2005-04-19,4.699149,4.765418,4.666883,4.750527,336862800
2005-04-20,4.928733,4.976388,4.862464,4.916819,617441940
2005-04-21,4.974402,5.088076,4.9471,5.068717,709365924
2005-04-22,5.532353,5.559655,5.31791,5.35638,1326875796
2005-04-25,5.406269,5.578022,5.398822,5.54799,792806400
2005-04-26,5.465836,5.510016,5.417934,5.429351,690189120
2005-04-27,5.410488,5.481473,5.379463,5.454916,410181408
2005-04-28,5.447965,5.512001,5.403537,5.446724,346964688
2005-04-29,5.507782,5.516221,5.406269,5.460377,366441192
2005-05-02,5.511256,5.552209,5.465588,5.517213,390305304
2005-05-03,5.506293,5.662657,5.493138,5.61401,710496792
2005-05-04,5.639823,5.705596,5.634115,5.671344,482856660
2005-05-05,5.674322,5.674322,5.606317,5.633618,300083616
2005-05-06,5.668863,5.68996,5.62096,5.659431,270285444
2005-05-09,5.658936,5.671345,5.595148,5.609792,221250528
2005-05-10,5.59614,5.653971,5.577526,5.653971,253578168
2005-05-11,5.683011,5.757718,5.657198,5.740592,458692848
2005-05-12,5.728678,5.763923,5.663899,5.676805,357570072
2005-05-13,5.688222,5.735628,5.642058,5.689712,296323380
2005-05-16,5.700632,5.748782,5.673082,5.734635,227028744
2005-05-17,5.722474,5.794203,5.713539,5.786261,312043644
2005-05-18,5.798174,5.956029,5.795941,5.935925,491987520
2005-05-19,5.965213,5.985813,5.913835,5.936421,388271340
2005-05-20,5.986805,5.998222,5.948086,5.996733,326213460
2005-05-23,6.035204,6.406013,6.024035,6.340241,854676468
2005-05-24,6.377718,6.588192,6.291842,6.353891,1160562276
2005-05-25,6.27273,6.477494,6.220608,6.473275,721593684
2005-05-26,6.476999,6.546495,6.410977,6.433315,541322136
2005-05-27,6.464588,6.603332,6.434557,6.602091,486876636
2005-05-31,6.687223,6.909858,6.685734,6.881812,888582528
2005-06-01,7.028992,7.269497,6.999705,7.148128,1406260332
2005-06-02,7.166246,7.192308,7.06374,7.145647,718245036
2005-06-03,7.118096,7.180394,6.885285,6.956022,750540708
2005-06-06,7.008888,7.290842,6.994989,7.221098,900134964
2005-06-07,7.373989,7.43579,7.205214,7.275205,971947080
2005-06-08,7.268504,7.276943,6.899929,6.938648,1027007964
2005-06-09,7.066719,7.160538,6.963468,7.106183,656986356
2005-06-10,7.12306,7.130257,6.950066,7.011619,507356136
2005-06-13,6.945101,7.053564,6.863196,7.017824,511615872
2005-06-14,6.914574,6.980346,6.893725,6.908617,403272324
2005-06-15,6.82547,6.882555,6.637583,6.820506,834488676
2005-06-16,6.807102,6.907374,6.777567,6.88603,497997504
2005-06-17,6.924749,6.957016,6.847807,6.957016,416958624
2005-06-20,6.852524,7.139938,6.744309,7.115863,840147012
2005-06-21,7.149866,7.205214,7.072924,7.144157,604686708
2005-06-22,7.189577,7.255349,7.164757,7.180394,418541040
2005-06-23,7.148127,7.317151,7.110898,7.190569,561693744
2005-06-24,7.220106,7.396326,7.187343,7.377712,710137152
2005-06-27,7.418664,7.556911,7.293573,7.547728,711403884
2005-06-28,7.601836,7.67555,7.495606,7.495606,760698540
2005-06-29,7.508016,7.554677,7.25113,7.265277,731216052
2005-06-30,7.305487,7.41941,7.223581,7.300771,603172224
2005-07-01,7.32286,7.352644,7.178409,7.228794,368734896
2005-07-05,7.249889,7.34619,7.203476,7.339489,299460240
2005-07-06,7.378953,7.386398,7.23202,7.235494,319691988
2005-07-07,7.182628,7.341723,7.160786,7.33527,426457116
2005-07-08,7.352893,7.383917,7.298289,7.352396,298005696
2005-07-11,7.356614,7.361578,7.223084,7.280914,335276388
2005-07-12,7.281908,7.306975,7.220851,7.241948,234361404
2005-07-13,7.260066,7.427104,7.24989,7.417673,457058484
2005-07-14,7.578505,7.613501,7.447704,7.468057,426281292
2005-07-15,7.476743,7.530355,7.440506,7.475502,337198464
2005-07-18,7.445967,7.493125,7.390122,7.43455,248063688
2005-07-19,7.498088,7.702853,7.490643,7.691683,504351144
2005-07-20,7.584213,7.758945,7.490643,7.743805,571843584
2005-07-21,7.794686,7.88776,7.724197,7.791955,790784424
2005-07-22,7.604069,7.67555,7.354878,7.505534,934536528
2005-07-25,7.505286,7.527625,7.320875,7.342965,385965648
2005-07-26,7.322116,7.396326,7.249641,7.348921,392283324
2005-07-27,7.389874,7.402035,7.257335,7.36977,288427284
2005-07-28,7.381684,7.381684,7.279177,7.284637,236786976
2005-07-29,7.250882,7.268256,7.12306,7.142171,334197468
2005-08-01,7.151106,7.259817,7.15061,7.237728,226269504
2005-08-02,7.23748,7.434053,7.225566,7.425863,291316392
2005-08-03,7.396326,7.439017,7.336758,7.378953,236986776
2005-08-04,7.335517,7.421146,7.328072,7.389626,209250540
2005-08-05,7.383917,7.408985,7.230282,7.256094,237350412
2005-08-08,7.287119,7.338001,7.20993,7.228794,179092728
2005-08-09,7.246414,7.264285,7.160786,7.236735,230940828
2005-08-10,7.230034,7.255598,7.070689,7.090545,274884840
2005-08-11,7.095758,7.112884,6.964958,7.050089,300295404
2005-08-12,7.032964,7.202732,6.990274,7.190818,263172564
2005-08-15,7.192804,7.26652,7.04314,7.048849,326661012
2005-08-16,7.07069,7.142916,7.032468,7.089801,284083632
2005-08-17,7.086327,7.112635,7.048849,7.076151,155176668
2005-08-18,6.848056,6.961979,6.82547,6.949321,474437088
2005-08-19,6.974141,6.985558,6.940137,6.949569,221494284
2005-08-22,6.980346,6.986055,6.784518,6.800899,272247480
2005-08-23,6.854261,6.943116,6.803628,6.939144,232635132
2005-08-24,6.889256,7.067463,6.861458,7.013356,343380276
2005-08-25,7.01286,7.048849,6.948824,7.013853,174888936
2005-08-26,7.035942,7.074165,7.01559,7.038424,150061788
2005-08-29,7.005165,7.175926,7.005165,7.159297,235883880
2005-08-30,7.132988,7.185606,7.09551,7.13001,191488320
2005-08-31,7.153837,7.160538,7.057783,7.098488,201158640
2005-09-01,7.096254,7.135718,7.073668,7.104693,109574316
2005-09-02,7.111146,7.19752,7.109409,7.159297,137242620
2005-09-06,7.172948,7.182628,7.118344,7.126039,168323508
2005-09-07,7.095758,7.334277,7.080618,7.31864,299680020
2005-09-08,7.317648,7.428096,7.281162,7.331547,264267468
2005-09-09,7.378456,7.423629,7.360586,7.423381,175444380
2005-09-12,7.489401,7.729409,7.470787,7.687712,415044540
2005-09-13,7.669345,7.831419,7.599105,7.735863,411584004
2005-09-14,7.662644,7.775574,7.453412,7.520426,450580968
2005-09-15,7.434053,7.613501,7.394093,7.510995,618029352
2005-09-16,7.545742,7.557656,7.442739,7.450931,302888808
2005-09-19,7.470788,7.594887,7.463589,7.540034,230245524
2005-09-20,7.598609,7.726432,7.575775,7.642292,373665960
2005-09-21,7.654701,7.787488,7.593893,7.741323,404383212
2005-09-22,7.731395,7.923005,7.698385,7.728169,519735744
2005-09-23,7.768625,7.873117,7.75845,7.8272,339012648
2005-09-26,7.929954,7.965944,7.757705,7.800395,395380224
2005-09-27,7.817024,7.9029,7.778056,7.791955,274649076
2005-09-28,7.798906,7.820747,7.584959,7.594887,319576104
2005-09-29,7.611764,7.712036,7.596872,7.684734,224327448
2005-09-30,7.798905,7.880314,7.751003,7.854501,365685948
2005-10-03,7.784262,7.945095,7.763414,7.909603,366045588
2005-10-04,7.941122,7.974133,7.712531,7.718985,365406228
2005-10-05,7.760931,7.815783,7.644526,7.711788,332802864
2005-10-06,7.79692,7.805359,7.696399,7.762421,319432248
2005-10-07,7.813053,7.859715,7.707569,7.768378,270541188
2005-10-10,7.77632,7.813797,7.673068,7.710299,222665112
2005-10-11,7.709305,7.759937,7.566591,7.597367,341362296
2005-10-12,7.57503,7.624421,7.421146,7.470042,371875752
2005-10-13,7.495608,7.495608,7.214645,7.382428,422285292
2005-10-14,7.443484,7.451675,7.26081,7.350162,340423236
2005-10-17,7.383918,7.575031,7.310947,7.570067,302365332
2005-10-18,7.569073,7.643533,7.513972,7.527376,282828888
2005-10-19,7.545246,7.690939,7.544253,7.661899,280147572
2005-10-20,7.693918,7.722212,7.475999,7.525391,555911532
2005-10-21,8.582719,8.598355,8.265023,8.436281,914780304
2005-10-24,8.522404,8.669586,8.493116,8.653453,376890732
2005-10-25,8.582221,8.622429,8.509747,8.610267,274856868
2005-10-26,8.594631,8.83588,8.592396,8.82198,355943700
2005-10-27,8.850773,8.862934,8.728659,8.76291,205170624
2005-10-28,8.817764,8.909101,8.811558,8.889741,235903860
2005-10-31,8.941117,9.301254,8.922999,9.236474,573142284
2005-11-01,9.229524,9.528355,9.158786,9.416169,653589756
2005-11-02,9.47375,9.555656,9.361317,9.423615,422193384
2005-11-03,9.491374,9.594873,9.465809,9.579236,297638064
2005-11-04,9.679259,9.724184,9.566825,9.690429,352643004
2005-11-07,9.806337,9.865161,9.733119,9.804601,383276340
2005-11-08,9.78524,9.8185,9.644512,9.677275,315584100
2005-11-09,9.597106,9.637315,9.382663,9.410461,418257324
2005-11-10,9.390852,9.713264,9.367771,9.707058,364782852
2005-11-11,9.806834,9.851013,9.651213,9.689684,282273444
2005-11-14,9.732374,9.883775,9.717731,9.852751,312003684
2005-11-15,9.788467,9.853495,9.703336,9.749252,344651004
2005-11-16,9.833641,9.899414,9.781768,9.88204,347460192
2005-11-17,9.972631,10.02252,9.91629,10.013584,368119512
2005-11-18,10.014576,10.039645,9.924232,9.933167,280742976
2005-11-21,9.907356,10.17566,9.76638,10.160271,412990596
2005-11-22,10.142646,10.357587,10.082583,10.336738,383456160
2005-11-23,10.350885,10.541503,10.319613,10.495337,402996600
2005-11-25,10.567813,10.641527,10.555899,10.638301,193410396
2005-11-28,10.668085,10.70333,10.484915,10.510728,439895664
2005-11-29,10.53505,10.583201,9.981071,10.015819,858972168
2005-11-30,10.033688,10.137682,9.817755,10.049821,623240136
2005-12-01,10.156298,10.311174,10.133712,10.277668,389406204
2005-12-02,10.348405,10.412689,10.27196,10.367269,301438260
2005-12-05,10.349893,10.362304,10.034184,10.073152,411164424
2005-12-06,10.143889,10.335251,9.97015,10.040638,604406988
2005-12-07,10.080845,10.094248,9.903383,10.032695,466169364
2005-12-08,10.059501,10.192288,9.99348,10.192288,356043600
2005-12-09,10.300253,10.319614,10.140414,10.156299,305430264
2005-12-12,10.29107,10.305466,10.174914,10.240934,277725996
2005-12-13,10.238204,10.374713,10.216859,10.362056,326225448
2005-12-14,10.350886,10.417652,10.312416,10.39854,264950784
2005-12-15,10.402264,10.502288,10.337484,10.487643,241590168
2005-12-16,10.556892,10.734602,10.492608,10.676276,652566780
2005-12-19,10.727157,11.074883,10.427084,10.538526,876594528
2005-12-20,10.619436,10.727155,10.54026,10.666098,402984612
2005-12-21,10.760662,10.842815,10.441975,10.581462,448427124
2005-12-22,10.716482,10.743536,10.571534,10.723185,301562136
2005-12-23,10.725914,10.7346,10.642271,10.695633,183620196
2005-12-27,10.718719,10.718719,10.492858,10.539519,267843888
2005-12-28,10.532072,10.617452,10.455626,10.590399,284431284
2005-12-29,10.622415,10.641031,10.403753,10.428076,277554168
2005-12-30,10.356596,10.379927,10.268982,10.29678,303180516
2006-01-03,10.4869,10.813281,10.380174,10.802361,524323152
2006-01-04,11.01755,11.143138,10.914547,11.050808,610844544
2006-01-05,11.069672,11.207422,10.957982,11.199727,431899668
2006-01-06,11.339463,11.677758,11.249367,11.557631,709565724
2006-01-09,11.576244,11.749735,11.440479,11.588406,511164324
2006-01-10,11.526852,11.671552,11.467782,11.659391,363520116
2006-01-11,11.696869,11.792178,11.644996,11.705805,359935704
2006-01-12,11.757677,11.789198,11.454378,11.507244,404606988
2006-01-13,11.524122,11.588158,11.457109,11.572273,305957736
2006-01-17,11.493098,11.662866,11.479944,11.593618,330481188
2006-01-18,11.101936,11.351624,11.001415,11.042617,818608572
2006-01-19,11.19799,11.255573,10.747013,10.832641,580910508
2006-01-20,10.888485,10.921496,9.797403,9.914553,1643023332
2006-01-23,10.111128,10.632593,10.070174,10.610503,908746344
2006-01-24,10.822217,11.04361,10.783746,10.995955,617965416
2006-01-25,11.200224,11.273939,10.653194,10.747013,748842408
2006-01-26,10.909335,10.920504,10.512713,10.778534,516526956
2006-01-27,10.796651,10.87657,10.647235,10.759172,337749912
2006-01-30,10.65344,10.753961,10.548453,10.593624,343212444
2006-01-31,10.686699,10.910823,10.522888,10.738572,881757360
2006-02-01,9.655682,9.977596,9.618204,9.972136,1083815100
2006-02-02,10.022768,10.089285,9.828178,9.829668,471835692
2006-02-03,9.769606,9.776556,9.247148,9.47003,730540728
2006-02-06,9.563351,9.677274,9.420636,9.558139,357258384
2006-02-07,9.50577,9.523392,9.018308,9.131734,664542792
2006-02-08,9.145633,9.200486,8.80287,9.160524,831331836
2006-02-09,9.213143,9.292565,8.838611,8.904631,476019504
2006-02-10,8.983559,9.04685,8.764894,8.999939,608331060
2006-02-13,8.603568,8.701855,8.485673,8.580236,787923288
2006-02-14,8.571053,8.728907,8.498331,8.521165,585573840
2006-02-15,8.470282,8.587681,8.384902,8.497832,517362120
2006-02-16,8.57949,9.108898,8.550202,9.095496,851767380
2006-02-17,9.179885,9.236474,9.025009,9.152334,572235192
2006-02-21,9.094999,9.27122,9.061988,9.098722,347092560
2006-02-22,9.112621,9.157297,9.030964,9.07142,258788952
2006-02-23,9.074399,9.462335,9.06894,9.383656,501561936
2006-02-24,9.364544,9.433295,9.26998,9.367025,259112628
2006-02-27,9.463079,9.721951,9.438508,9.689188,408079512
2006-02-28,9.759179,9.866897,8.401779,9.000188,1575926496
2006-03-01,9.147619,9.169708,8.967427,9.054296,481965552
2006-03-02,9.041388,9.458859,8.989763,9.343448,732478788
2006-03-03,9.538283,9.611254,9.326321,9.386386,478001520
2006-03-06,9.454144,9.515946,9.112375,9.136202,357230412
2006-03-07,9.059758,9.144889,8.889245,9.045609,414736848
2006-03-08,8.784504,8.935906,8.700365,8.783263,469354176
2006-03-09,8.820742,8.898675,8.475993,8.513223,555859584
2006-03-10,8.525632,8.550453,8.229034,8.376713,772250976
2006-03-13,8.461844,8.590163,8.325831,8.36579,545150304
2006-03-14,8.367778,8.745785,8.255592,8.715754,737289972
2006-03-15,8.706071,8.744045,8.451917,8.550451,510241248
2006-03-16,8.652462,8.655937,8.386642,8.408235,400267332
2006-03-17,8.408978,8.482942,8.312926,8.43355,341725932
2006-03-20,8.496842,8.689196,8.476985,8.642037,415887696
2006-03-21,8.687208,8.72816,8.415926,8.436775,392850756
2006-03-22,8.432556,8.540523,8.376712,8.444222,303536160
2006-03-23,8.497088,8.581476,8.443726,8.485672,297090612
2006-03-24,9.149108,9.185594,8.997459,9.079116,606616776
2006-03-27,9.111132,9.2258,9.059259,9.175665,280667052
2006-03-28,9.225799,9.378443,9.212398,9.362061,357474168
2006-03-29,9.43007,9.903137,9.419397,9.803361,760338900
2006-03-30,9.659651,9.766626,9.521157,9.641038,587879532
2006-03-31,9.648484,9.726171,9.531583,9.679758,1459395144
2006-04-03,9.668092,9.741063,9.628381,9.672311,324583092
2006-04-04,9.677275,10.049573,9.633591,10.035674,627999372
2006-04-05,10.131479,10.289583,9.997949,10.126267,535883580
2006-04-06,10.089036,10.272703,10.062727,10.205441,343596060
2006-04-07,10.235972,10.246893,10.027733,10.080847,280754964
2006-04-10,10.103679,10.354112,10.058258,10.334504,372431196
2006-04-11,10.335499,10.402016,10.082335,10.167716,443843712
2006-04-12,10.151335,10.209166,10.056771,10.150094,240439320
2006-04-13,10.142151,10.170198,9.940366,9.981566,261853884
2006-04-17,10.013582,10.238202,9.948802,10.097226,330049620
2006-04-18,10.124777,10.171936,9.965186,10.033192,325178496
2006-04-19,10.239942,10.266498,10.094993,10.188564,270996732
2006-04-20,10.201224,10.325074,10.131479,10.300254,490369140
2006-04-21,11.141649,11.18682,10.825691,10.848774,901149948
2006-04-24,10.905861,11.037406,10.834379,10.933163,353102544
2006-04-25,10.911568,10.946564,10.573273,10.602064,382377240
2006-04-26,10.61646,10.673546,10.511969,10.57253,290820888
2006-04-27,10.496581,10.59586,10.409215,10.425099,333182484
2006-04-28,10.390349,10.566571,10.332519,10.373223,296555148
2006-05-01,10.386379,10.410454,9.891967,9.900653,414033552
2006-05-02,9.954761,9.989756,9.640045,9.798892,523647828
2006-05-03,9.837363,9.965186,9.701599,9.783256,322565112
2006-05-04,9.804601,9.89991,9.734609,9.797651,185893920
2006-05-05,9.868388,9.944833,9.723936,9.786482,242357400
2006-05-08,9.806588,9.856476,9.680999,9.798397,204539256
2006-05-09,9.82123,10.151335,9.772832,10.146371,365258376
2006-05-10,10.134208,10.218596,9.97412,10.001919,247240512
2006-05-11,10.01284,10.044858,9.555161,9.605297,355356288
2006-05-12,9.519419,9.552429,9.271468,9.285864,403100496
2006-05-15,9.330542,9.435281,9.139924,9.337243,343260396
2006-05-16,9.332029,9.353622,9.180628,9.215624,259384356
2006-05-17,9.198498,9.427586,9.188819,9.295048,425326248
2006-05-18,9.401277,9.476481,9.20098,9.20793,233166600
2006-05-19,9.264768,9.295049,8.949308,9.183856,455472072
2006-05-22,9.129996,9.258564,9.065465,9.206939,343831824
2006-05-23,9.287851,9.527859,9.271717,9.321854,358960680
2006-05-24,9.365785,9.516939,9.22332,9.462583,381769848
2006-05-25,9.408724,9.506018,9.240693,9.50577,327456216
2006-05-26,9.544489,9.5775,9.432302,9.465065,146533320
2006-05-30,9.388867,9.456378,9.219347,9.231509,172467360
2006-05-31,9.277676,9.388125,9.103441,9.228533,318932748
2006-06-01,9.271221,9.505769,9.223071,9.496586,250868880
2006-06-02,9.601326,9.607283,9.368267,9.417658,255200544
2006-06-05,9.336745,9.467547,9.286361,9.293558,222117660
2006-06-06,9.346674,9.679757,9.339724,9.679509,409981608
2006-06-07,9.760172,9.80038,9.592885,9.593134,356095548
2006-06-08,9.623912,9.785738,9.396562,9.761662,413965620
2006-06-09,9.734112,9.814529,9.564343,9.594625,246053700
2006-06-12,9.638555,9.691918,9.456378,9.46978,200563236
2006-06-13,9.453895,9.605297,9.384896,9.593384,306057636
2006-06-14,9.675538,9.707059,9.394825,9.540517,310569120
2006-06-15,9.595864,9.7356,9.506017,9.704576,271156572
2006-06-16,9.657418,9.702839,9.630117,9.69713,211971816
2006-06-19,9.700852,9.798891,9.6048,9.633591,305018676
2006-06-20,9.630861,9.726171,9.593136,9.609517,161434404
2006-06-21,9.706065,10.027235,9.673552,9.980821,349426224
2006-06-22,9.967171,10.076874,9.630117,9.926714,236239524
2006-06-23,9.996458,10.169949,9.946323,10.04858,212379408
2006-06-26,10.095489,10.13396,10.008619,10.032695,141905952
2006-06-27,10.069678,10.126516,9.953025,9.985538,164119716
2006-06-28,10.027484,10.088788,9.956002,10.079606,148271580
2006-06-29,10.126266,10.379676,10.072407,10.369997,266061672
2006-06-30,10.315146,10.407724,10.233986,10.407724,250069680
2006-07-03,10.425347,10.517925,10.410703,10.503778,86181732
2006-07-05,10.462079,10.493849,10.316137,10.460589,199224576
2006-07-06,10.508244,10.557884,10.473496,10.503528,147336516
2006-07-07,10.574513,10.620182,10.322094,10.435522,241434324
2006-07-10,10.509735,10.554162,10.334506,10.379678,177278544
2006-07-11,10.38737,10.549693,10.251358,10.537532,238613148
2006-07-12,10.476227,10.492359,10.343193,10.356099,196071732
2006-07-13,10.275434,10.383153,10.097476,10.147116,276703020
2006-07-14,10.184345,10.213136,9.893455,10.014825,301781916
2006-07-17,10.042872,10.200974,10.020285,10.123783,232243524
2006-07-18,10.16995,10.190303,9.871864,10.003657,341130528
2006-07-19,9.804105,9.956252,9.795418,9.903137,340399260
2006-07-20,10.034184,10.038156,9.572038,9.608275,501046452
2006-07-21,9.583952,9.723191,9.374224,9.682487,469713816
2006-07-24,9.749747,9.776305,9.461589,9.702093,323120556
2006-07-25,9.556155,9.712273,9.525875,9.663874,230213556
2006-07-26,9.635081,9.727163,9.506017,9.568067,221054724
2006-07-27,9.614479,9.617458,9.380676,9.491124,225418356
2006-07-28,9.481199,9.668837,9.474497,9.633097,163180656
2006-07-31,9.630117,9.659156,9.513712,9.595369,183628188
2006-08-01,9.558387,9.574768,9.320116,9.320116,218309472
2006-08-02,9.322349,9.361318,9.064223,9.114608,283628088
2006-08-03,9.058765,9.379685,9.018556,9.31714,252826920
2006-08-04,9.420638,9.448438,9.226795,9.278917,203604192
2006-08-07,9.220588,9.424856,9.211901,9.380676,157718124
2006-08-08,9.501548,9.543245,9.408971,9.456377,229498272
2006-08-09,9.501054,9.547715,9.341213,9.355609,172267560
2006-08-10,9.27966,9.373728,9.244416,9.287602,170305524
2006-08-11,9.292566,9.314408,9.13372,9.14613,150509340
2006-08-14,9.220589,9.310686,9.150349,9.169212,198533268
2006-08-15,9.285369,9.473007,9.24789,9.455633,267660072
2006-08-16,9.517932,9.641287,9.484177,9.623169,233893872
2006-08-17,9.590157,9.679757,9.528852,9.575514,203004792
2006-08-18,9.58817,9.607531,9.450173,9.514953,197889912
2006-08-21,9.384399,9.406737,9.312918,9.364544,160771068
2006-08-22,9.375218,9.413191,9.303487,9.389116,166397436
2006-08-23,9.372981,9.388618,9.249379,9.26849,145546308
2006-08-24,9.293558,9.342206,9.239452,9.275937,139160700
2006-08-25,9.259804,9.3154,9.245409,9.264272,98569332
2006-08-28,9.322599,9.455137,9.307459,9.455137,166393440
2006-08-29,9.450918,9.489141,9.362062,9.405498,178221600
2006-08-30,9.41195,9.54697,9.394576,9.450172,161614224
2006-08-31,9.468539,9.484919,9.386881,9.395072,118277604
2006-09-01,9.456129,9.463328,9.361814,9.39681,106809084
2006-09-05,9.428331,9.565585,9.368019,9.539773,162809028
2006-09-06,9.483679,9.510733,9.423119,9.435032,148815036
2006-09-07,9.416417,9.474992,9.367025,9.394079,153526320
2006-09-08,9.350149,9.451166,9.350149,9.378196,123212664
2006-09-11,9.388372,9.547963,9.37621,9.533072,180986832
2006-09-12,9.555657,9.747514,9.552678,9.726913,217470312
2006-09-13,9.807579,10.095738,9.806338,10.091022,390337272
2006-09-14,10.034682,10.083825,9.975859,10.02674,214429356
2006-09-15,10.113608,10.177395,10.095242,10.173176,313214472
2006-09-18,10.176153,10.391839,10.162999,10.29256,283983732
2006-09-19,10.311671,10.312416,9.747763,10.022519,571144284
2006-09-20,10.104178,10.111376,9.794425,9.853497,365546088
2006-09-21,9.935402,10.137683,9.924481,10.097971,427256316
2006-09-22,10.05156,10.112865,9.961711,10.021776,185798016
2006-09-25,10.066452,10.162505,9.990007,10.02674,229262508
2006-09-26,10.064465,10.118572,9.971887,10.098469,211364424
2006-09-27,10.084322,10.206435,9.986779,10.00043,234832932
2006-09-28,10.02922,10.101198,9.941358,10.01681,204091704
2006-09-29,10.055279,10.067442,9.962949,9.975112,132303564
2006-10-02,9.975113,10.076874,9.947811,9.963696,145929924
2006-10-03,9.959974,10.088294,9.883033,10.028229,218369412
2006-10-04,10.051311,10.319367,10.003657,10.317629,266205528
2006-10-05,10.292808,10.38067,10.1975,10.221079,231360408
2006-10-06,10.181616,10.47176,10.16995,10.436764,293166540
2006-10-09,10.54349,10.720952,10.509238,10.647733,303028668
2006-10-10,10.711271,10.867388,10.483672,10.589405,391152456
2006-10-11,10.548949,10.670318,10.517676,10.585682,225190584
2006-10-12,10.63681,10.664609,10.523632,10.609013,193566240
2006-10-13,10.616958,10.660144,10.562353,10.60554,144755100
2006-10-16,10.615467,10.652697,10.457612,10.467789,172603224
2006-10-17,10.431799,10.517427,10.342448,10.440239,208231560
2006-10-18,10.498564,10.542248,10.362304,10.407228,240451308
2006-10-19,10.430062,10.660143,10.413682,10.574762,459679860
2006-10-20,11.392081,11.419631,11.258054,11.408958,465450084
2006-10-23,11.473739,12.028711,11.426333,11.932907,603575820
2006-10-24,11.821217,11.860432,11.700344,11.747502,346061592
2006-10-25,11.851247,12.124515,11.792177,12.077357,367132500
2006-10-26,12.104162,12.210391,12.017789,12.040128,280986732
2006-10-27,12.010343,12.043601,11.727148,11.794411,263895840
2006-10-30,11.784979,11.924964,11.665595,11.828414,262261476
2006-10-31,11.865394,11.967156,11.760655,11.823946,251164584
2006-11-01,11.882769,11.891952,11.5477,11.603296,216834948
2006-11-02,11.603297,11.757925,11.575499,11.663114,209258532
2006-11-03,11.720697,11.758423,11.542738,11.710024,196111692
2006-11-06,11.758919,11.905109,11.723179,11.837847,199460340
2006-11-07,11.837847,11.889223,11.709279,11.729135,195688116
2006-11-08,11.674036,11.956735,11.630601,11.789448,318281400
2006-11-09,11.826677,11.900889,11.711512,11.730624,194972832
2006-11-10,11.759165,11.782497,11.672545,11.753458,111756132
2006-11-13,11.786965,11.942586,11.768102,11.939112,173502324
2006-11-14,11.93092,12.160504,11.925956,12.144371,288647064
2006-11-15,12.246876,12.40622,12.209647,12.209647,334493172
2006-11-16,12.285844,12.352362,12.225284,12.308183,203500296
2006-11-17,12.242411,12.401506,12.236206,12.379913,220219560
2006-11-20,12.370232,12.370232,12.227518,12.287086,204775020
2006-11-21,12.324068,12.658144,12.306446,12.649456,336762900
2006-11-22,12.68222,12.732605,12.553404,12.608753,179847972
2006-11-24,12.521635,12.596094,12.509225,12.534045,69238692
2006-11-27,12.443948,12.454124,12.031442,12.031442,292695012
2006-11-28,11.941592,12.158269,11.839831,12.149335,311592096
2006-11-29,12.266983,12.279394,11.969393,12.02896,252359388
2006-11-30,12.017542,12.171673,11.952018,12.03293,222876900
2006-12-01,12.06197,12.121786,11.876317,11.933403,225030744
2006-12-04,11.988007,12.09796,11.897414,12.033923,195800004
2006-12-05,12.097214,12.147846,12.034916,12.087286,163955880
2006-12-06,12.086294,12.221314,12.025733,12.129729,177833988
2006-12-07,12.167455,12.206423,11.973612,11.979073,186385428
2006-12-08,11.961698,12.126998,11.913547,12.015557,158837004
2006-12-11,12.035661,12.134444,12.007863,12.011089,130405464
2006-12-12,12.009104,12.071402,11.920498,11.957727,167072760
2006-12-13,12.029951,12.050055,11.839582,11.888478,186297516
2006-12-14,11.919751,12.006622,11.84554,11.966166,189766044
2006-12-15,11.979071,12.015557,11.909575,11.920993,207424368
2006-12-18,11.975845,11.981553,11.435019,11.486645,320343336
2006-12-19,11.459839,11.648222,11.379919,11.631344,263216520
2006-12-20,11.665348,11.702578,11.47498,11.489126,174537288
2006-12-21,11.520895,11.547453,11.227029,11.322833,277853868
2006-12-22,11.355098,11.383392,11.236708,11.307444,159372468
2006-12-26,11.330775,11.403993,11.282873,11.355844,82889028
2006-12-27,11.41715,11.617694,11.394811,11.616453,169090740
2006-12-28,11.593866,11.630103,11.472994,11.480688,124523352
2006-12-29,11.469271,11.528094,11.413675,11.429064,102265632
2007-01-03,11.566069,11.830648,11.444699,11.605532,307951740
2007-01-04,11.640527,12.011584,11.624394,11.994458,315188496
2007-01-05,11.975596,12.099696,11.866636,12.092001,274609116
2007-01-08,12.104413,12.158521,11.968152,12.002403,189985824
2007-01-09,12.048815,12.11831,11.943331,12.050056,215040744
2007-01-10,12.023498,12.249855,11.964178,12.148342,238501260
2007-01-11,12.340449,12.45338,12.315134,12.402996,288039672
2007-01-12,12.459337,12.534045,12.409946,12.534045,178769052
2007-01-16,12.597334,12.732602,12.491849,12.516173,302453244
2007-01-17,12.494083,12.602794,12.270456,12.342433,267696036
2007-01-18,12.27393,12.322577,12.097958,12.107885,237042720
2007-01-19,12.111611,12.18061,12.080835,12.155542,198932868
2007-01-22,12.223796,12.227519,11.876316,11.934396,215955828
2007-01-23,11.933155,12.031442,11.846284,11.889968,186433380
2007-01-24,12.023996,12.398529,11.995205,12.386863,242129628
2007-01-25,12.434764,12.521633,12.054027,12.114339,254485260
2007-01-26,12.184828,12.357822,12.08803,12.306693,219640140
2007-01-29,12.360303,12.378918,12.174154,12.223049,190836972
2007-01-30,12.261025,12.360305,12.192027,12.268968,167052780
2007-01-31,12.322828,12.534045,12.298504,12.447175,487755756
2007-02-01,12.558865,12.559113,11.951521,11.956983,625721652
2007-02-02,11.978326,12.037646,11.859191,11.950777,251208540
2007-02-05,11.851497,11.863907,11.570784,11.59486,287987724
2007-02-06,11.618191,11.747254,11.597342,11.702082,212663124
2007-02-07,11.76016,11.773315,11.635068,11.665596,164627208
2007-02-08,11.616949,11.758423,11.544971,11.690912,162904932
2007-02-09,11.7063,11.731865,11.454379,11.464059,194149656
2007-02-12,11.434026,11.476466,11.293544,11.374705,229949820
2007-02-13,11.396051,11.486147,11.349141,11.39481,162341496
2007-02-14,11.417149,11.643755,11.397789,11.564331,227724048
2007-02-15,11.566069,11.569296,11.43502,11.453634,161534304
2007-02-16,11.486644,11.66907,11.468276,11.663857,246832920
2007-02-20,11.627373,11.733603,11.534051,11.717469,162541296
2007-02-21,11.661378,11.880785,11.609255,11.810793,225398376
2007-02-22,11.881032,12.018783,11.774307,11.810544,229526244
2007-02-23,11.808062,11.837846,11.610744,11.680736,155148696
2007-02-26,11.735589,11.795652,11.510223,11.539511,158637204
2007-02-27,11.293049,11.412185,11.098709,11.138421,372139488
2007-02-28,11.179126,11.260039,10.996203,11.155298,320970708
2007-03-01,10.987021,11.229015,10.920752,11.125019,347060592
2007-03-02,11.04758,11.136683,10.887987,10.887987,263080656
2007-03-05,10.846787,11.057261,10.846291,10.94433,253949796
2007-03-06,11.106157,11.392329,11.103922,11.35634,301046652
2007-03-07,11.483914,11.495083,11.275427,11.308933,261102636
2007-03-08,11.397788,11.553657,11.27071,11.286098,214297488
2007-03-09,11.367508,11.377436,11.171432,11.242415,198908892
2007-03-12,11.232737,11.299255,11.1965,11.286844,138477384
2007-03-13,11.171681,11.216853,10.990992,10.995955,254836908
2007-03-14,11.000918,11.135691,10.89593,11.119309,320355324
2007-03-15,11.115836,11.164482,11.018541,11.074387,157610232
2007-03-16,11.060982,11.087044,10.91802,10.941847,226137636
2007-03-19,11.001417,11.131722,10.93639,11.100201,207700092
2007-03-20,11.064457,11.109382,11.010102,11.051799,136723140
2007-03-21,11.052297,11.332018,11.050062,11.33152,231700068
2007-03-22,11.308189,11.471007,11.231744,11.467781,227000772
2007-03-23,11.453136,11.501286,11.344673,11.462567,164287548
2007-03-26,11.4308,11.541248,11.308438,11.541248,188223588
2007-03-27,11.50526,11.546957,11.425587,11.506997,149498352
2007-03-28,11.463562,11.55217,11.420873,11.463812,183480336
2007-03-29,11.530079,11.566069,11.293049,11.439984,159380460
2007-03-30,11.469269,11.501535,11.321343,11.371478,135072792
2007-04-02,11.361553,11.380665,11.221569,11.380665,137802060
2007-04-03,11.517669,11.770832,11.516429,11.729879,259811928
2007-04-04,11.718462,11.739807,11.654923,11.690663,151000848
2007-04-05,11.697614,11.717221,11.655916,11.702826,108523368
2007-04-09,11.73931,11.739807,11.555891,11.620919,122361516
2007-04-10,11.593122,11.684956,11.54522,11.578478,119052828
2007-04-11,11.567556,11.650455,11.481928,11.529582,152327520
2007-04-12,11.516428,11.615707,11.472745,11.600567,108207684
2007-04-13,11.626877,11.63482,11.500545,11.573266,111680208
2007-04-16,11.627125,11.83884,11.619431,11.77133,202912884
2007-04-17,11.759663,11.823947,11.705059,11.734843,128275596
2007-04-18,11.69662,11.911064,11.653682,11.814514,226593180
2007-04-19,11.777038,11.961946,11.655172,11.706301,439943616
2007-04-20,12.174654,12.223798,11.963685,11.975101,485973540
2007-04-23,11.916029,12.037646,11.870359,11.890712,226757016
2007-04-24,11.879048,11.913052,11.8031,11.852242,147640212
2007-04-25,11.913546,11.94755,11.816998,11.863659,158513328
2007-04-26,11.866391,12.023997,11.841819,11.942837,164831004
2007-04-27,11.915286,11.973116,11.872098,11.888976,116910972
2007-04-30,11.89245,11.947054,11.699599,11.699599,145502352
2007-05-01,11.719704,11.735092,11.520648,11.640529,146181672
2007-05-02,11.631841,11.692154,11.559368,11.560608,122385492
2007-05-03,11.571529,11.766366,11.548447,11.745518,143624232
2007-05-04,11.668326,11.785477,11.56309,11.693147,157842000
2007-05-07,11.718461,11.735338,11.577732,11.597589,120683196
2007-05-08,11.569294,11.619927,11.534546,11.586172,116087796
2007-05-09,11.569792,11.708287,11.513452,11.646734,155440404
2007-05-10,11.591882,11.65269,11.442466,11.453634,147304548
2007-05-11,11.462567,11.590887,11.441968,11.584433,117646236
2007-05-14,11.553164,11.603547,11.41715,11.461329,154753092
2007-05-15,11.465796,11.480191,11.352865,11.367508,164595240
2007-05-16,11.466789,11.743281,11.392825,11.730127,261905832
2007-05-17,11.726405,11.794907,11.685452,11.689175,186237576
2007-05-18,11.715731,11.732359,11.659141,11.673288,147688164
2007-05-21,11.653683,11.893691,11.583939,11.680241,246125628
2007-05-22,11.739808,11.888976,11.739808,11.810793,153406440
2007-05-23,11.933899,11.998183,11.758423,11.763883,202205592
2007-05-24,11.793172,11.893692,11.702578,11.772819,166777056
2007-05-25,11.906102,12.036406,11.845789,12.000913,213726060
2007-05-29,12.037646,12.206421,12.012826,12.090016,208511280
2007-05-30,12.025237,12.381153,11.988006,12.375196,289542168
2007-05-31,12.423844,12.627863,12.336974,12.35807,356615028
2007-06-01,12.434765,12.53454,12.358568,12.419873,191768040
2007-06-04,12.35807,12.670801,12.350127,12.58542,283755960
2007-06-05,12.651939,12.881523,12.574004,12.877551,417466116
2007-06-06,12.825678,12.925703,12.788696,12.862908,315152532
2007-06-07,12.900137,13.067672,12.720441,12.783731,424794780
2007-06-08,12.812026,12.897406,12.64474,12.794404,254073672
2007-06-11,12.757919,12.862907,12.658143,12.691401,185722092
2007-06-12,12.626126,12.699593,12.488624,12.528336,256523220
2007-06-13,12.585918,12.621905,12.37743,12.540001,281078640
2007-06-14,12.543476,12.555886,12.452138,12.480433,184663152
2007-06-15,12.61322,12.633325,12.440474,12.556135,246717036
2007-06-18,12.563331,12.807063,12.515181,12.787207,193242564
2007-06-19,12.757672,12.838088,12.696366,12.765118,174037788
2007-06-20,12.830889,12.875317,12.634811,12.657397,173354472
2007-06-21,12.682466,12.78944,12.565813,12.760153,176211612
2007-06-22,12.817486,13.030193,12.809544,13.029945,287859852
2007-06-25,13.129225,13.278393,12.990234,13.090507,316683000
2007-06-26,13.2223,13.233965,13.061219,13.160995,227352420
2007-06-27,13.030443,13.104655,12.895423,13.06246,244679076
2007-06-28,13.027462,13.14213,13.000656,13.030688,166569264
2007-06-29,13.055757,13.090009,12.892939,12.973355,155068776
2007-07-02,13.042603,13.200458,13.010586,13.163973,139364496
2007-07-03,13.180851,13.263748,13.092491,13.262259,74797128
2007-07-05,13.29254,13.511949,13.207905,13.443197,197518284
2007-07-06,13.433765,13.498793,13.37122,13.387848,109770120
2007-07-09,13.477201,13.619667,13.409194,13.46628,149042808
2007-07-10,13.496805,13.576478,13.443691,13.485637,154085760
2007-07-11,13.492341,13.56407,13.40299,13.513685,132239628
2007-07-12,13.548185,13.584423,13.408201,13.535031,137526336
2007-07-13,13.599066,13.717209,13.582686,13.704551,209274516
2007-07-16,13.658384,13.863893,13.633813,13.72515,263716020
2007-07-17,13.776031,13.842796,13.71001,13.775039,172970856
2007-07-18,13.747489,13.762629,13.497305,13.63853,242956800
2007-07-19,13.736816,13.738306,13.458337,13.615943,444642912
2007-07-20,12.705301,12.98527,12.645733,12.909321,710181108
2007-07-23,12.881772,12.906343,12.711508,12.720443,254013732
2007-07-24,12.64077,12.873829,12.586414,12.757423,222661116
2007-07-25,12.831385,12.832378,12.547943,12.652185,221578200
2007-07-26,12.62687,12.722427,12.382146,12.608504,275060664
2007-07-27,12.621658,12.82245,12.546454,12.705052,220143636
2007-07-30,12.730619,12.889961,12.670554,12.809793,158373468
2007-07-31,12.912052,12.917263,12.658144,12.658144,170649180
2007-08-01,12.670554,12.819722,12.611979,12.731114,176950872
2007-08-02,12.750474,12.781996,12.633324,12.683212,126069804
2007-08-03,12.659385,12.737568,12.484406,12.484406,126920952
2007-08-06,12.484405,12.661867,12.471995,12.658144,145913940
2007-08-07,12.65194,12.903365,12.634318,12.80756,170401428
2007-08-08,12.889961,13.049802,12.834117,13.049802,162589248
2007-08-09,12.926197,13.075613,12.773058,12.77554,193666140
2007-08-10,12.662611,12.874573,12.549681,12.800858,234772992
2007-08-13,12.894925,12.900137,12.733347,12.794652,127044828
2007-08-14,12.800113,12.841811,12.608504,12.623396,145202652
2007-08-15,12.633324,12.700089,12.328287,12.349136,216163620
2007-08-16,12.211882,12.321338,11.924965,12.199471,345478176
2007-08-17,12.346405,12.434764,12.202698,12.410937,218956824
2007-08-20,12.471002,12.473485,12.310665,12.358319,107784108
2007-08-21,12.383635,12.612475,12.354597,12.574004,144279576
2007-08-22,12.65715,12.813268,12.639528,12.726398,129977892
2007-08-23,12.807063,12.810289,12.583683,12.712499,122944932
2007-08-24,12.722924,12.795895,12.620915,12.782244,98809092
2007-08-27,12.768095,12.843051,12.692891,12.739056,92910996
2007-08-28,12.696116,12.781744,12.553649,12.56879,130825044
2007-08-29,12.604532,12.740048,12.589392,12.729625,101870028
2007-08-30,12.716718,12.79217,12.672538,12.692891,105961932
2007-08-31,12.735085,12.819472,12.69463,12.788448,118984896
2007-09-04,12.782739,13.104901,12.772811,13.034165,147600252
2007-09-05,12.990731,13.141636,12.962188,13.099938,132383484
2007-09-06,13.138656,13.150323,12.86266,12.993709,144890964
2007-09-07,12.853229,12.93712,12.82692,12.890211,146397456
2007-09-10,12.938112,12.957719,12.679985,12.769337,128902968
2007-09-11,12.831634,12.947294,12.80036,12.939352,108035856
2007-09-12,12.919496,13.104405,12.881522,12.972114,119320560
2007-09-13,13.00711,13.085292,12.986261,13.024981,75568356
2007-09-14,12.985766,13.161243,12.961444,13.123517,110485404
2007-09-17,13.068415,13.13667,13.007359,13.037888,87812100
2007-09-18,13.068168,13.334486,13.012323,13.285342,168459372
2007-09-19,13.384621,13.637288,13.374446,13.572756,220854924
2007-09-20,13.576481,13.819716,13.552405,13.721181,220779000
2007-09-21,13.808298,13.918747,13.721181,13.901621,320147532
2007-09-24,13.923956,14.183573,13.899137,14.098192,211668120
2007-09-25,13.998417,14.136416,13.970123,14.122517,109114776
2007-09-26,14.157264,14.191764,13.993701,14.101667,133710156
2007-09-27,14.190275,14.190523,14.042597,14.085287,82169748
2007-09-28,14.072878,14.136169,14.001397,14.079579,105474420
2007-10-01,14.146592,14.503502,14.137658,14.458826,188263548
2007-10-02,14.479428,14.812759,14.395785,14.504496,282417300
2007-10-03,14.55066,14.618666,14.404472,14.495312,155024820
2007-10-04,14.52187,14.52187,14.322566,14.371461,119348532
2007-10-05,14.572003,14.792653,14.569522,14.744253,202545252
2007-10-08,14.767834,15.146586,14.741773,15.130701,200918880
2007-10-09,15.26696,15.482149,15.100171,15.268698,350361288
2007-10-10,15.422087,15.529308,15.308907,15.52211,215208576
2007-10-11,15.726873,15.919721,15.11531,15.437969,471488040
2007-10-12,15.487114,15.845017,15.344648,15.819949,272675052
2007-10-15,15.846755,15.881254,15.277882,15.391061,277474248
2007-10-16,15.350852,15.535264,15.189523,15.28905,240770988
2007-10-17,15.6477,15.73581,15.427795,15.722904,240978780
2007-10-18,15.770805,15.918732,15.599299,15.875299,491076432
2007-10-19,16.246108,16.343651,15.964899,16.001633,630928440
2007-10-22,15.851719,16.257028,15.7924,16.151543,266309424
2007-10-23,16.412151,16.817955,16.381127,16.772535,271476252
2007-10-24,16.696589,16.814733,16.370208,16.773779,295871832
2007-10-25,16.844763,16.851961,16.469237,16.592344,231588180
2007-10-26,16.729352,16.791648,16.581176,16.743498,134021844
2007-10-29,16.822176,16.877526,16.6812,16.858414,122529348
2007-10-30,16.81572,17.371685,16.81572,17.244112,275747976
2007-10-31,17.391046,17.547661,17.275634,17.547661,274796928
2007-11-01,17.443169,17.71445,17.4181,17.453594,260826912
2007-11-02,17.634778,17.710975,17.3079,17.653145,233426340
2007-11-05,17.547413,18.124226,17.524578,18.010551,354992652
2007-11-06,18.306156,18.411144,17.994419,18.411144,337114548
2007-11-07,18.394764,18.546413,17.948256,18.19149,330609060
2007-11-08,18.232687,18.239885,16.807529,17.221029,659827512
2007-11-09,16.772785,16.924186,16.411159,16.479662,455068476
2007-11-12,16.325033,16.627587,15.542462,15.687906,408682908
2007-11-13,16.00858,16.403962,15.687908,16.394777,337478184
2007-11-14,16.710735,16.765587,15.792152,15.926427,323464212
2007-11-15,15.849237,16.070879,15.487611,15.627843,278429292
2007-11-16,15.73432,15.772792,15.289549,15.726627,361350288
2007-11-19,15.626355,15.804562,15.351102,15.533528,220874904
2007-11-20,15.797362,16.358788,15.707763,16.096691,393230376
2007-11-21,15.978299,16.628581,15.936354,16.394033,280259460
2007-11-23,16.629325,16.834833,16.582414,16.795618,109438452
2007-11-26,16.882488,17.21011,16.505225,16.530046,271332396
2007-11-27,16.74846,16.788916,16.139381,16.717932,355823820
2007-11-28,16.929895,17.232448,16.68244,17.181816,316343340
2007-11-29,17.144337,17.443169,17.070373,17.299461,248071680
2007-11-30,17.64694,17.648429,16.929894,17.200182,315504180
2007-12-03,17.150792,17.249821,16.905819,16.915499,172830996
2007-12-04,16.835583,17.175365,16.806046,16.980778,169102728
2007-12-05,17.193481,17.347364,17.063671,17.336939,168215616
2007-12-06,17.319317,17.784939,17.299711,17.752672,196163640
2007-12-07,17.745974,17.820681,17.634531,17.742996,153929916
2007-12-10,17.770791,17.989454,17.7214,17.831102,154093752
2007-12-11,17.868832,17.894893,17.343642,17.354067,245318436
2007-12-12,17.721398,17.729339,17.088491,17.357786,246117636
2007-12-13,17.282335,17.31485,16.907555,17.226244,201430368
2007-12-14,17.06392,17.366475,17.057717,17.124729,146793060
2007-12-17,17.076083,17.260247,16.472216,16.610214,219220560
2007-12-18,16.732576,16.795867,16.194978,16.712473,286381332
2007-12-19,16.733814,16.865112,16.604502,16.812244,176667156
2007-12-20,17.022225,17.150543,16.892665,17.118031,176711112
2007-12-21,17.321306,17.355558,17.206143,17.291771,215064720
2007-12-24,17.249573,17.39204,17.201671,17.39204,65070864
2007-12-26,17.348855,17.702042,17.329495,17.642971,101098800
2007-12-27,17.549397,17.771038,17.392286,17.392286,117582300
2007-12-28,17.496282,17.57124,17.288044,17.436716,102405492
2007-12-31,17.338429,17.435724,17.140119,17.162457,94952952
2008-01-02,17.196957,17.308647,16.821185,17.00634,172103724
2008-01-03,17.008077,17.04754,16.79115,17.009813,129969900
2008-01-04,16.869832,16.901354,16.257031,16.306669,214177608
2008-01-07,16.23072,16.437719,15.818959,16.114315,255879864
2008-01-08,16.207388,16.380136,15.661351,15.678228,213350436
2008-01-09,15.637524,16.215828,15.450631,16.212353,269318412
2008-01-10,16.009077,16.31163,15.887459,16.051767,253114632
2008-01-11,15.951743,16.119773,15.639261,15.841294,198880920
2008-01-14,16.161223,16.316595,16.015033,16.227741,177722100
2008-01-15,16.031167,16.10935,15.770062,15.826403,222505272
2008-01-16,15.610966,15.884481,14.939835,15.28781,421977600
2008-01-17,15.407194,15.530795,14.84254,14.91154,328343328
2008-01-18,15.099429,15.139885,14.853463,14.898139,341242416
2008-01-22,13.949522,14.829883,13.928921,14.503502,379679940
2008-01-23,13.916761,14.097698,12.881523,13.616688,677949372
2008-01-24,13.869354,14.387842,13.753693,14.258779,375659964
2008-01-25,14.688658,14.767834,14.052525,14.057985,278361360
2008-01-28,14.171411,14.202932,13.61619,13.79936,232435332
2008-01-29,13.910804,13.932148,13.419369,13.663846,251068680
2008-01-30,13.630834,13.909809,13.489857,13.608,317266416
2008-01-31,13.378169,14.221797,13.261019,14.005864,594257148
2008-02-01,13.121531,13.320089,12.658143,12.80458,703315980
2008-02-04,12.63506,12.727142,12.225036,12.296517,525757716
2008-02-05,12.147598,12.633323,12.125012,12.578719,447683868
2008-02-06,12.686437,12.687182,12.358566,12.452385,305150544
2008-02-07,12.332009,12.762138,12.279887,12.532802,316838844
2008-02-08,12.643501,12.850003,12.625879,12.824189,272882844
2008-02-11,12.919248,12.998424,12.742531,12.935133,232806960
2008-02-12,12.990482,13.169434,12.733348,12.858936,266225508
2008-02-13,12.968392,13.278392,12.873828,13.269209,264723012
2008-02-14,13.361786,13.428552,13.179359,13.210384,258808932
2008-02-15,13.112596,13.220562,13.013812,13.145606,209394396
2008-02-19,13.277151,13.280129,12.571273,12.632082,253761984
2008-02-20,12.497061,12.68321,12.380655,12.633322,266221512
2008-02-21,12.72888,12.737816,12.397535,12.480929,226884888
2008-02-22,12.461072,12.633322,12.349134,12.603539,220415364
2008-02-25,12.557623,12.571274,12.056014,12.073387,334577088
2008-02-26,11.446933,11.577733,11.090767,11.521144,930560508
2008-02-27,11.420374,11.801607,11.408213,11.736331,404471124
2008-02-28,11.677757,11.89096,11.599823,11.799128,263212524
2008-02-29,11.711761,11.907093,11.532561,11.694634,376638984
2008-03-03,11.702827,11.732859,11.171681,11.343186,301877820
2008-03-04,11.192529,11.252344,10.816011,11.034923,544323132
2008-03-05,11.051058,11.272452,11.020033,11.111867,297166536
2008-03-06,11.111616,11.250856,10.701839,10.739566,298505196
2008-03-07,10.644756,10.920753,10.579232,10.755701,322549128
2008-03-10,10.643511,10.697371,10.251606,10.266002,319184496
2008-03-11,10.554906,10.924474,10.539766,10.91678,352722924
2008-03-12,10.921,11.116333,10.87285,10.92522,265809924
2008-03-13,10.73882,11.093993,10.642271,10.995458,308754936
2008-03-14,10.994714,11.152569,10.68794,10.869125,262713024
2008-03-17,10.622663,10.764634,10.228523,10.421126,315212472
2008-03-18,10.647237,10.941601,10.561609,10.899904,289198512
2008-03-19,10.948301,11.1069,10.714002,10.722192,246912840
2008-03-20,10.606035,10.814025,10.362304,10.760663,396139464
2008-03-24,10.881783,11.560606,10.864161,11.431047,270269460
2008-03-25,11.354105,11.354353,11.069669,11.188308,233030736
2008-03-26,11.233232,11.488381,11.151327,11.372224,208818972
2008-03-27,11.069671,11.13445,10.932913,11.022017,233054712
2008-03-28,11.105906,11.257556,10.779525,10.873096,174872952
2008-03-31,10.812537,10.987517,10.72244,10.932417,177678144
2008-04-01,11.112857,11.578478,11.091263,11.558869,243480276
2008-04-02,11.662866,11.807814,11.426829,11.558622,239720040
2008-04-03,11.460086,11.498806,11.122535,11.296026,270864864
2008-04-04,11.342936,11.859686,11.322831,11.692399,235652112
2008-04-07,11.83983,12.048565,11.75296,11.834618,237502260
2008-04-08,11.740801,11.768102,11.467038,11.610992,181698120
2008-04-09,11.643754,11.714988,11.356092,11.521144,241682076
2008-04-10,11.540258,11.761154,11.463067,11.642515,202693104
2008-04-11,11.518167,11.597342,11.293299,11.353859,166621212
2008-04-14,11.346661,11.353859,11.172673,11.210152,153550296
2008-04-15,11.370737,11.410201,11.013082,11.09052,182920896
2008-04-16,11.029959,11.374458,10.945571,11.293795,304922772
2008-04-17,11.308685,11.401512,11.082576,11.157533,533585880
2008-04-18,13.283854,13.593854,13.024734,13.388097,728694576
2008-04-21,13.387601,13.467024,13.161741,13.347889,297290412
2008-04-22,13.342428,13.919739,13.342179,13.775039,317222460
2008-04-23,13.84801,13.882014,13.42632,13.563823,196663140
2008-04-24,13.682956,13.76238,13.403236,13.478192,165238596
2008-04-25,13.626616,13.725399,13.470499,13.50351,166409424
2008-04-28,13.548681,13.819962,13.377919,13.703557,160183656
2008-04-29,13.671542,13.983527,13.651189,13.861165,173666160
2008-04-30,13.953989,14.51616,13.861164,14.253815,315803880
2008-05-01,14.353591,14.766097,14.320333,14.720181,263847888
2008-05-02,14.854454,14.952741,14.378161,14.427552,279672048
2008-05-05,14.863639,14.867114,14.572501,14.765352,250988760
2008-05-06,14.668553,14.693373,14.469994,14.553389,184986828
2008-05-07,14.650435,14.879274,14.306927,14.370714,264255480
2008-05-08,14.549419,14.62636,14.368482,14.470243,204711084
2008-05-09,14.370716,14.519636,14.179603,14.226761,179216604
2008-05-12,14.265231,14.563069,14.120283,14.518146,194361444
2008-05-13,14.550163,14.592853,14.359546,14.469995,206333460
2008-05-14,14.556616,14.67327,14.277641,14.303701,174856968
2008-05-15,14.370713,14.468752,14.286576,14.420355,173534292
2008-05-16,14.431027,14.511692,14.353837,14.397272,170793036
2008-05-19,14.359547,14.615938,14.234703,14.333982,223955820
2008-05-20,14.262252,14.457089,14.219562,14.360786,132411456
2008-05-21,14.358802,14.430532,13.59857,13.650691,258465276
2008-05-22,13.699337,13.75543,13.408944,13.637535,202848948
2008-05-23,13.575487,13.725399,13.348385,13.517408,177082740
2008-05-27,13.525847,13.963669,13.498297,13.921476,154465380
2008-05-28,14.096209,14.184319,13.926441,14.103654,161853984
2008-05-29,14.266224,14.541477,14.22676,14.469995,193606200
2008-05-30,14.481661,14.64175,14.427802,14.539493,128878992
2008-06-02,14.457585,14.492085,14.178858,14.271436,146821032
2008-06-03,14.308666,14.407946,13.914278,14.080324,172039788
2008-06-04,14.031428,14.345896,14.01207,14.202438,134393472
2008-06-05,14.32306,14.595088,14.301468,14.5519,156511332
2008-06-06,14.38933,14.413406,14.072877,14.072877,189190620
2008-06-09,14.099188,14.147338,13.536769,13.846272,211320468
2008-06-10,13.640018,13.869849,13.571018,13.754437,146149704
2008-06-11,13.805815,13.833116,13.513436,13.531804,152363484
2008-06-12,13.620162,13.849499,13.573501,13.724158,219444336
2008-06-13,13.936118,14.28881,13.932396,14.184813,247128624
2008-06-16,14.060467,14.373198,14.060467,14.217081,141570288
2008-06-17,14.304942,14.347632,14.107128,14.133933,138377484
2008-06-18,14.011074,14.122267,13.878288,13.958208,135112752
2008-06-19,13.783725,13.992957,13.671042,13.904101,227096676
2008-06-20,13.824181,13.824181,13.514677,13.562331,239084676
2008-06-23,13.535775,13.729122,13.452876,13.532052,145290564
2008-06-24,13.530316,13.680476,13.281124,13.459826,186717096
2008-06-25,13.526094,13.844533,13.493828,13.675758,164723112
2008-06-26,13.504502,13.525102,13.111355,13.125255,226153620
2008-06-27,13.096957,13.154539,12.784474,13.106637,217682100
2008-06-30,13.215846,13.353099,12.982291,13.065685,150461388
2008-07-01,12.895919,13.32133,12.831882,13.271939,198197604
2008-07-02,13.316117,13.41217,13.05675,13.081073,168751080
2008-07-03,13.176382,13.383627,13.092491,13.328279,95923980
2008-07-07,13.459825,13.626119,13.293532,13.499784,170037792
2008-07-08,13.551412,13.779756,13.402741,13.763373,197098704
2008-07-09,13.669802,13.791916,13.420859,13.441211,165993840
2008-07-10,13.526841,13.63853,13.172413,13.416888,173094732
2008-07-11,13.315871,13.390331,12.892196,13.248857,199056744
2008-07-14,13.377919,13.404228,12.79341,12.946549,176815008
2008-07-15,12.814013,13.092492,12.437247,12.809297,242597160
2008-07-16,12.758416,13.315871,12.673035,13.293532,189498312
2008-07-17,13.257791,13.329521,13.018031,13.239921,351144504
2008-07-18,12.368991,12.384628,11.868622,11.946308,451244304
2008-07-21,11.935387,12.015059,11.558621,11.635564,235823940
2008-07-22,11.583939,11.919751,11.556141,11.841817,187472340
2008-07-23,11.953508,12.341195,11.86639,12.142387,195568236
2008-07-24,12.328037,12.332256,11.804833,11.804833,141494364
2008-07-25,12.074629,12.239434,11.950778,12.210891,127212660
2008-07-28,12.213619,12.213619,11.792673,11.842066,126273600
2008-07-29,11.896174,12.093741,11.863908,11.990738,111999888
2008-07-30,12.050056,12.062963,11.735092,11.980561,139488372
2008-07-31,11.778527,11.935636,11.701089,11.758423,114489396
2008-08-01,11.727647,11.745268,11.479198,11.612233,120195684
2008-08-04,11.618686,11.740055,11.464306,11.491609,99380520
2008-08-05,11.605532,11.915533,11.574259,11.909823,143236620
2008-08-06,11.87309,12.156038,11.727647,12.070906,134896968
2008-08-07,11.963187,12.012826,11.824443,11.891706,110841048
2008-08-08,11.91727,12.304459,11.806573,12.286094,149422428
2008-08-11,12.22305,12.630344,12.205924,12.430793,169402428
2008-08-12,12.459584,12.562091,12.360304,12.474725,110117772
2008-08-13,12.449657,12.497807,12.258046,12.410688,144874980
2008-08-14,12.352859,12.598824,12.317863,12.546206,116627256
2008-08-15,12.583435,12.674524,12.546454,12.661866,141686172
2008-08-18,12.654172,12.658143,12.298503,12.36775,133222644
2008-08-19,12.172418,12.367254,12.078103,12.174155,121738140
2008-08-20,12.278896,12.327792,11.977335,12.037647,159124716
2008-08-21,11.986022,12.159265,11.895429,12.075621,140423436
2008-08-22,12.198976,12.282867,12.14884,12.17639,91796112
2008-08-25,12.065197,12.335485,11.950778,11.988255,80491428
2008-08-26,11.999424,11.999424,11.679992,11.768598,132195672
2008-08-27,11.757925,11.785227,11.537277,11.630102,175308516
2008-08-28,11.727149,11.825435,11.673537,11.759166,121066812
2008-08-29,11.659142,11.690415,11.474979,11.498806,153774072
2008-09-02,11.833377,11.967654,11.452391,11.547452,244215540
2008-09-03,11.633827,11.771825,11.406725,11.526605,172411416
2008-09-04,11.417149,11.497566,11.154058,11.175404,193746060
2008-09-05,11.057011,11.230005,10.922735,11.026234,181190628
2008-09-08,11.219087,11.241921,10.363545,10.423113,360355284
2008-09-09,10.503033,10.731623,10.300253,10.391095,288894816
2008-09-10,10.535298,10.535547,10.168212,10.279405,248822928
2008-09-11,10.135202,10.798885,10.086307,10.765627,258597144
2008-09-12,10.677764,10.970143,10.647733,10.862672,240878880
2008-09-15,10.523633,10.969646,10.516434,10.768356,262433304
2008-09-16,10.572281,11.15108,10.560615,10.993474,279348372
2008-09-17,10.883025,10.899405,10.261535,10.287597,364710924
2008-09-18,10.489878,10.900398,10.188564,10.897917,343232424
2008-09-19,11.44197,11.468526,11.002161,11.147854,399839760
2008-09-22,11.271456,11.271456,10.647732,10.676026,176115708
2008-09-23,10.753216,10.940358,10.566323,10.654432,207959832
2008-09-24,10.680991,11.044851,10.675283,10.799383,169510320
2008-09-25,10.89196,11.168949,10.820974,10.910823,200611188
2008-09-26,10.62291,10.850261,10.449916,10.698363,211488300
2008-09-29,10.41219,10.511469,9.449178,9.456377,430085484
2008-09-30,9.82818,10.55044,9.73734,9.940863,123328548
2008-10-01,10.204697,10.349397,10.004898,10.218844,249142608
2008-10-02,10.170943,10.175659,9.580478,9.691919,239156604
2008-10-03,9.862183,10.238204,9.507754,9.603063,319396284
2008-10-06,9.282143,9.33203,8.864672,9.213392,448375176
2008-10-07,9.266011,9.306964,8.572046,8.587931,441733824
2008-10-08,8.194535,8.910093,8.094014,8.391853,472582944
2008-10-09,8.550946,8.651466,7.983812,8.165245,322677000
2008-10-10,7.772598,8.485674,7.701613,8.240204,423488088
2008-10-13,8.83067,9.479958,8.581478,9.456876,355863780
2008-10-14,9.767371,9.791446,8.860701,9.002422,311080608
2008-10-15,8.802374,8.910341,8.409723,8.418162,268587144
2008-10-16,8.259066,8.84829,7.680266,8.761917,648938412
2008-10-17,9.405745,9.580477,9.02327,9.246401,569398032
2008-10-20,9.425354,9.455882,8.924985,9.41468,269865864
2008-10-21,9.242678,9.525377,8.9848,9.003415,231048720
2008-10-22,8.860453,9.175665,8.538042,8.82769,262137600
2008-10-23,8.777553,8.885519,8.388874,8.744543,258896844
2008-10-24,8.102949,8.698627,8.060011,8.42114,294065640
2008-10-27,8.309947,8.513222,8.081355,8.177904,247779972
2008-10-28,8.415184,9.166234,8.153582,9.152334,323891784
2008-10-29,9.078868,9.208179,8.745785,8.885521,389873736
2008-10-30,9.145136,9.232998,8.894703,8.927465,319236444
2008-10-31,8.839852,9.232005,8.792942,8.919275,296635068
2008-11-03,8.875095,9.009371,8.474254,8.599843,237941820
2008-11-04,8.772343,9.241935,8.575272,9.107411,293702004
2008-11-05,8.988524,9.155561,8.471277,8.49436,277582140
2008-11-06,8.438018,8.548465,8.086568,8.220843,342649008
2008-11-07,8.268001,8.467304,8.074653,8.218858,187064748
2008-11-10,8.140924,8.176664,7.681011,7.912084,322880796
2008-11-11,7.661652,7.850531,7.458874,7.730402,405458136
2008-11-12,7.496848,7.755968,7.142172,7.222588,401641956
2008-11-13,7.2417,7.768626,6.94957,7.745792,528858612
2008-11-14,7.526632,8.066216,7.509506,7.694662,380303316
2008-11-17,7.520427,7.698137,7.395086,7.448946,301450248
2008-11-18,7.484934,7.538545,7.082356,7.381932,333510156
2008-11-19,7.331547,7.450683,6.914324,6.954037,313070616
2008-11-20,6.82274,7.022541,6.429345,6.442251,390784824
2008-11-21,6.515469,6.685734,6.13796,6.513484,409370220
2008-11-24,6.683003,6.70013,6.1804,6.389632,401785812
2008-11-25,6.668608,7.114869,6.634853,7.000449,430417152
2008-11-26,6.956518,7.333285,6.855254,7.249642,254009736
2008-11-28,7.212163,7.357857,7.155077,7.271234,102517380
2008-12-01,7.115365,7.13274,6.601594,6.601841,228219552
2008-12-02,6.694668,6.894468,6.517206,6.828199,233354412
2008-12-03,6.697647,6.983323,6.585709,6.935421,235955808
2008-12-04,6.863443,7.03619,6.670841,6.809088,195268536
2008-12-05,6.726686,7.054805,6.552947,7.0486,260587152
2008-12-08,7.19752,7.680267,6.999209,7.498337,325446228
2008-12-09,7.388633,7.892725,7.371755,7.594141,275320404
2008-12-10,7.675303,7.815783,7.557904,7.664878,209270520
2008-12-11,7.549466,7.765648,7.391363,7.451427,246920832
2008-12-12,7.339489,7.854751,7.297047,7.837129,228655116
2008-12-15,7.793694,7.904887,7.572796,7.710796,269246484
2008-12-16,7.806352,8.178153,7.725687,8.073413,282101616
2008-12-17,7.90861,7.99523,7.754229,7.824222,231356412
2008-12-18,7.860459,7.951052,7.672076,7.701116,190349460
2008-12-19,7.718738,7.887513,7.669346,7.698385,224279496
2008-12-22,7.658424,7.681754,7.213404,7.374236,156547296
2008-12-23,7.45664,7.528121,7.363317,7.396824,150956892
2008-12-24,7.482701,7.603324,7.405758,7.519185,76783140
2008-12-26,7.546984,7.57652,7.404022,7.454903,78285636
2008-12-29,7.451427,7.480218,7.236983,7.381932,147927924
2008-12-30,7.465824,7.614991,7.413949,7.523157,153586260
2008-12-31,7.550211,7.718985,7.510747,7.635839,115356528
2009-01-02,7.659418,7.987537,7.582476,7.975127,144275580
2009-01-05,7.967184,8.221339,7.818264,8.142163,195364440
2009-01-06,8.264528,8.458619,8.100964,8.291333,256750992
2009-01-07,8.148865,8.213148,7.911339,7.992251,179600220
2009-01-08,7.899674,8.071179,7.876343,8.071179,143883972
2009-01-09,8.128514,8.128514,7.778553,7.820003,173446380
2009-01-12,7.85078,7.916304,7.699875,7.760931,132039828
2009-01-13,7.738097,7.957256,7.703846,7.801388,177122700
2009-01-14,7.694166,7.788481,7.390122,7.470042,218497284
2009-01-15,7.385655,7.534822,7.118097,7.420899,237142620
2009-01-16,7.570563,7.650731,7.339241,7.437776,208767024
2009-01-20,7.424622,7.433557,7.017824,7.017824,201726072
2009-01-21,7.156815,7.532836,7.156815,7.522412,196783020
2009-01-22,7.397319,7.678032,7.32559,7.607296,330349320
2009-01-23,7.676046,8.23921,7.550706,8.059017,428882688
2009-01-26,8.062741,8.140924,7.956264,8.038418,184243572
2009-01-27,8.102451,8.286615,8.048345,8.227295,196894908
2009-01-28,8.388626,8.744792,8.347177,8.653951,307348344
2009-01-29,8.551445,8.564103,8.441493,8.521165,291060648
2009-01-30,8.555168,8.657178,8.339483,8.402277,186693120
2009-02-02,8.297042,8.562863,8.240203,8.45291,208067724
2009-02-03,8.502549,8.513222,8.285624,8.449931,261997740
2009-02-04,8.4405,8.797162,8.418162,8.513223,272423304
2009-02-05,8.461348,8.820491,8.364301,8.779291,290285424
2009-02-06,8.847297,9.277923,8.821982,9.215129,281242476
2009-02-09,9.215129,9.456379,9.116347,9.401031,198892908
2009-02-10,9.331782,9.369508,8.88279,8.898178,283863852
2009-02-11,8.909099,9.059259,8.76142,8.886513,209054736
2009-02-12,8.765393,9.025009,8.723695,9.01086,221789988
2009-02-13,8.989516,9.009372,8.81677,8.877578,165702132
2009-02-17,8.600341,8.614737,8.431069,8.504785,226988784
2009-02-18,8.618459,8.770853,8.45167,8.764153,240739020
2009-02-19,8.872365,8.930195,8.473757,8.504287,199348452
2009-02-20,8.390364,8.660157,8.314663,8.598851,248435316
2009-02-23,8.612501,8.681996,8.179393,8.192052,208635156
2009-02-24,8.215878,8.677528,8.212652,8.574029,243592164
2009-02-25,8.492126,8.744047,8.411957,8.479468,257306436
2009-02-26,8.586688,8.748762,8.368273,8.36877,223999776
2009-02-27,8.263781,8.533573,8.218112,8.388873,216583200
2009-03-02,8.273214,8.456136,8.091284,8.120075,231308460
2009-03-03,8.1923,8.282148,8.000691,8.078377,260731008
2009-03-04,8.020795,8.165744,7.827696,7.915559,312423264
2009-03-05,7.854998,7.91953,7.511492,7.585951,260934804
2009-03-06,7.625166,7.698882,7.303252,7.658673,289078632
2009-03-09,7.445471,7.609034,7.184117,7.219858,258593148
2009-03-10,7.402533,7.706576,7.303253,7.648746,268938792
2009-03-11,7.696647,7.942364,7.587688,7.890491,236707056
2009-03-12,7.881308,8.066464,7.784759,8.029979,200763036
2009-03-13,8.093766,8.127522,7.91829,8.052069,156099744
2009-03-16,8.091036,8.183862,7.907368,7.934669,197674128
2009-03-17,7.946834,8.323103,7.919779,8.323103,188311500
2009-03-18,8.309946,8.438762,8.142164,8.267505,200287512
2009-03-19,8.23226,8.339483,8.125536,8.189075,164283552
2009-03-20,8.19801,8.264776,8.099724,8.194535,189326484
2009-03-23,8.278922,8.67331,8.265767,8.652214,170689140
2009-03-24,8.600092,8.78227,8.538043,8.616721,152647200
2009-03-25,8.69689,8.72022,8.345689,8.53978,173278548
2009-03-26,8.764648,8.914313,8.649732,8.76862,239891868
2009-03-27,8.68696,8.736601,8.574526,8.629875,132779088
2009-03-30,8.502052,8.533326,8.340724,8.505527,123640236
2009-03-31,8.660403,8.774078,8.592148,8.638809,146065788
2009-04-01,8.532582,8.817018,8.453904,8.788475,131915952
2009-04-02,9.017314,9.177402,8.943103,8.997211,179340480
2009-04-03,9.046849,9.226048,8.885519,9.177897,151440408
2009-04-06,9.1089,9.178892,8.969908,9.139676,131080788
2009-04-07,8.999691,9.028234,8.818755,8.901653,147056796
2009-04-08,9.022029,9.059259,8.841092,8.984799,110497392
2009-04-09,9.170949,9.291326,9.090284,9.245409,135168696
2009-04-13,9.216369,9.409219,9.190803,9.384646,121881996
2009-04-14,9.35561,9.356851,9.074152,9.156306,137006856
2009-04-15,9.111384,9.457868,9.038413,9.419149,197030772
2009-04-16,9.468787,9.751733,9.456873,9.648482,406996596
2009-04-17,9.580974,9.923488,9.550942,9.735353,428802768
2009-04-20,9.584199,9.695888,9.329547,9.414183,176978844
2009-04-21,9.336495,9.538281,9.334758,9.46804,147668184
2009-04-22,9.474991,9.679755,9.406985,9.527361,139931928
2009-04-23,9.617955,9.673552,9.459107,9.547963,104255640
2009-04-24,9.581716,9.758683,9.443967,9.667097,135280584
2009-04-27,9.539276,9.667099,9.499812,9.579236,91532376
2009-04-28,9.524632,9.656178,9.469781,9.52364,117626256
2009-04-29,9.579733,9.803112,9.576258,9.716243,144255600
2009-04-30,9.82272,10.021031,9.798893,9.827931,174053772
2009-05-01,9.804601,9.86814,9.718228,9.771342,97010892
2009-05-04,9.882536,9.987525,9.798646,9.9771,127991880
2009-05-05,9.92746,10.052055,9.859701,10.002168,95935968
2009-05-06,10.096481,10.133463,9.952774,10.014079,105210684
2009-05-07,10.029717,10.051807,9.741806,9.843816,119872008
2009-05-08,9.998692,10.179381,9.803856,10.109885,154449396
2009-05-11,9.99745,10.225793,9.957738,10.126018,102269628
2009-05-12,10.176403,10.200726,9.806586,9.903383,151480368
2009-05-13,9.78127,9.838357,9.638803,9.66834,113598288
2009-05-14,9.649972,9.734609,9.547963,9.617706,117362520
2009-05-15,9.707059,9.781768,9.657172,9.679758,120227652
2009-05-18,9.797154,9.86119,9.565585,9.849524,133933932
2009-05-19,9.831158,9.968661,9.754217,9.900158,113386500
2009-05-20,9.979829,10.068684,9.803856,9.857963,91268640
2009-05-21,9.836121,9.998444,9.775065,9.841085,108683208
2009-05-22,9.845057,9.894449,9.729396,9.766626,68675256
2009-05-26,9.728156,10.052054,9.679756,10.036169,124055820
2009-05-27,10.067941,10.22232,10.04734,10.065955,121250628
2009-05-28,10.143393,10.216364,10.042375,10.186083,106645248
2009-05-29,10.228524,10.355601,10.193528,10.355601,105822072
2009-06-01,10.392832,10.662623,10.387868,10.587172,132763104
2009-06-02,10.579479,10.671561,10.508743,10.632842,104839056
2009-06-03,10.573273,10.733609,10.523633,10.713505,141170688
2009-06-04,10.804096,10.951527,10.784241,10.9277,145378476
2009-06-05,11.046588,11.102929,10.907347,11.027972,147084768
2009-06-08,10.90834,10.943585,10.77481,10.890223,123824052
2009-06-09,10.885507,10.933162,10.716235,10.812039,130065804
2009-06-10,10.827181,10.868382,10.589902,10.737084,134221644
2009-06-11,10.716483,10.765131,10.632096,10.647733,114493392
2009-06-12,10.594618,10.615467,10.454386,10.544482,116619264
2009-06-15,10.461584,10.461584,10.275434,10.344186,149326524
2009-06-16,10.407228,10.451408,10.310678,10.325073,121866012
2009-06-17,10.32979,10.417404,10.214874,10.304225,139464396
2009-06-18,10.317132,10.39184,10.250614,10.276924,123284592
2009-06-19,10.379927,10.435771,10.28983,10.426588,170193636
2009-06-22,10.348652,10.362055,9.974864,10.110381,164811024
2009-06-23,10.093008,10.151088,9.991247,10.068933,115868016
2009-06-24,10.144882,10.231503,10.090775,10.158532,98213688
2009-06-25,10.101695,10.322593,10.089534,10.319366,121658220
2009-06-26,10.267491,10.62862,10.253344,10.556396,130137732
2009-06-29,10.573274,10.617949,10.479952,10.527108,86685228
2009-06-30,10.523634,10.603305,10.380175,10.463817,103652244
2009-07-01,10.528597,10.583202,10.378437,10.399285,92339568
2009-07-02,10.310431,10.310431,10.096979,10.138677,100603296
2009-07-06,10.089285,10.192038,9.969156,10.166474,90413496
2009-07-07,10.132472,10.156051,9.828179,9.844314,130241628
2009-07-08,9.927955,10.076875,9.879805,9.989757,137510352
2009-07-09,10.079854,10.286605,10.071912,10.185835,130892976
2009-07-10,10.165732,10.35908,10.14389,10.285363,116946936
2009-07-13,10.329294,10.53654,10.304722,10.531079,161666172
2009-07-14,10.516434,10.591392,10.445946,10.540759,115716168
2009-07-15,10.664113,10.887988,10.635074,10.87533,150928920
2009-07-16,10.83835,11.063466,10.774314,10.985283,261917820
2009-07-17,10.747013,10.808565,10.590646,10.678758,273889836
2009-07-20,10.669574,10.743289,10.579477,10.676771,126013860
2009-07-21,10.695883,10.71971,10.566324,10.620431,118609272
2009-07-22,10.622911,10.677515,10.511221,10.615217,103364532
2009-07-23,10.63979,10.950783,10.560862,10.85473,138988872
2009-07-24,10.816754,11.181111,10.796651,11.08754,144930924
2009-07-27,11.070663,11.088285,10.861432,11.039886,100075824
2009-07-28,10.94557,10.990494,10.823952,10.917027,101198700
2009-07-29,10.852001,10.866148,10.719462,10.827429,79400520
2009-07-30,10.985533,11.205438,10.985533,11.060738,127816056
2009-07-31,11.168454,11.235963,10.981063,10.99645,114301584
2009-08-03,11.137679,11.265749,11.110376,11.223804,103508388
2009-08-04,11.153313,11.268228,11.129983,11.261528,95496408
2009-08-05,11.31787,11.340456,11.116332,11.197246,93586320
2009-08-06,11.275675,11.29007,11.132464,11.177885,84351564
2009-08-07,11.30968,11.402754,11.292802,11.345172,101622276
2009-08-10,11.296524,11.377685,11.263017,11.33301,69610320
2009-08-11,11.260039,11.348399,11.228022,11.266742,68431500
2009-08-12,11.303227,11.460584,11.291065,11.381906,93562344
2009-08-13,11.470512,11.5343,11.390096,11.47374,79728192
2009-08-14,11.486148,11.496076,11.339959,11.417149,66936996
2009-08-17,11.206179,11.218341,10.998189,11.042119,104703192
2009-08-18,11.047332,11.111864,10.978332,11.051799,93949956
2009-08-19,10.920505,11.044852,10.885011,11.019287,90109800
2009-08-20,11.21859,11.471257,11.199479,11.427326,159796044
2009-08-21,11.554653,11.568303,11.482924,11.547207,142277580
2009-08-24,11.599576,11.667583,11.526854,11.633828,98037864
2009-08-25,11.643756,11.773315,11.633579,11.699352,93546360
2009-08-26,11.733851,11.739808,11.583442,11.615708,79432488
2009-08-27,11.630103,11.630103,11.435268,11.567557,79876044
2009-08-28,11.64698,11.72417,11.501039,11.535042,70793136
2009-08-31,11.411937,11.463314,11.367509,11.458598,78237684
2009-09-01,11.409206,11.58642,11.278653,11.311912,103692204
2009-09-02,11.313403,11.375701,11.233234,11.243659,72119808
2009-09-03,11.313402,11.373714,11.293049,11.355595,65782152
2009-09-04,11.356837,11.481681,11.312409,11.449414,59908032
2009-09-08,11.523627,11.59064,11.313898,11.382898,106161732
2009-09-09,11.39382,11.57277,11.387365,11.515685,87728184
2009-09-10,11.582202,11.688679,11.466789,11.688679,101282616
2009-09-11,11.675276,11.747253,11.606524,11.718462,76039884
2009-09-14,11.678006,11.834123,11.666588,11.792425,78948972
2009-09-15,11.791434,11.886494,11.732612,11.85249,95828076
2009-09-16,11.908583,12.146109,11.875821,12.119304,103308588
2009-09-17,12.175894,12.344669,12.091009,12.204435,179144676
2009-09-18,12.329777,12.334989,12.192275,12.197983,131208660
2009-09-21,12.105652,12.382642,12.067926,12.335484,84571344
2009-09-22,12.432778,12.459335,12.355589,12.386613,121526352
2009-09-23,12.429303,12.583683,12.353106,12.371721,108059832
2009-09-24,12.421608,12.44494,12.236203,12.329775,101002896
2009-09-25,12.268223,12.408207,12.211385,12.223298,81902016
2009-09-28,12.281872,12.447173,12.24365,12.373459,73498428
2009-09-29,12.398278,12.403739,12.236453,12.373459,83884032
2009-09-30,12.409945,12.413419,12.093243,12.306942,125542332
2009-10-01,12.236205,12.32233,12.087286,12.09225,112415472
2009-10-02,12.006373,12.204932,11.978078,12.027222,103927968
2009-10-05,12.103419,12.222059,11.996447,12.125013,85698216
2009-10-06,12.20394,12.394309,12.20394,12.378672,109182708
2009-10-07,12.385124,12.881274,12.35559,12.845285,194773032
2009-10-08,12.89567,12.987007,12.741042,12.76189,171979848
2009-10-09,12.823195,12.943821,12.769832,12.813268,109414476
2009-10-12,12.991227,13.049305,12.889466,13.006615,132755112
2009-10-13,13.015301,13.091498,12.940593,13.057991,121374504
2009-10-14,13.215597,13.293035,13.154539,13.286581,130205664
2009-10-15,13.247615,13.325797,13.086782,13.152307,243771984
2009-10-16,13.58467,13.768834,13.515174,13.647216,353322324
2009-10-19,13.717704,13.74029,13.619417,13.702811,128587284
2009-10-20,13.691644,13.724159,13.420114,13.693629,161586252
2009-10-21,13.648705,13.883006,13.626119,13.678241,146677176
2009-10-22,13.65094,13.775039,13.601299,13.752452,93366540
2009-10-23,13.781244,13.846768,13.680723,13.742524,95612292
2009-10-26,13.793652,13.939841,13.673027,13.755429,118697184
2009-10-27,13.675014,13.764118,13.50599,13.608497,128531340
2009-10-28,13.598073,13.65094,13.359306,13.410187,102609288
2009-10-29,13.477447,13.696359,13.42756,13.676999,100803096
2009-10-30,13.650939,13.655158,13.259776,13.306438,138601260
2009-11-02,13.330266,13.389338,13.110859,13.253573,127955916
2009-11-03,13.154789,13.340689,13.112347,13.335478,95112792
2009-11-04,13.422597,13.539249,13.313886,13.410932,93214692
2009-11-05,13.489362,13.64523,13.468761,13.617433,73834092
2009-11-06,13.59435,13.695118,13.539249,13.678241,72994932
2009-11-09,13.786208,13.963174,13.755928,13.961436,105890004
2009-11-10,13.966895,14.117056,13.948777,14.066919,89142768
2009-11-11,14.15925,14.234207,14.044582,14.161236,92695212
2009-11-12,14.136417,14.219315,14.035649,14.093974,75376548
2009-11-13,14.129715,14.209635,14.063197,14.198218,66605328
2009-11-16,14.271436,14.320828,14.216336,14.303205,87880032
2009-11-17,14.268209,14.333485,14.239666,14.333238,76591332
2009-11-18,14.31239,14.365256,14.198714,14.31239,61922016
2009-11-19,14.240909,14.246616,14.147337,14.221549,86633280
2009-11-20,14.134927,14.187048,14.132445,14.146343,80167752
2009-11-23,14.308417,14.559346,14.29278,14.453861,101798100
2009-11-24,14.458082,14.502013,14.309659,14.472229,64143792
2009-11-25,14.554631,14.570764,14.462301,14.538002,58389552
2009-11-27,14.196976,14.456592,14.171412,14.389579,55328616
2009-11-30,14.411172,14.486624,14.323806,14.469995,68934996
2009-12-01,14.597322,14.674015,14.469996,14.640509,92719188
2009-12-02,14.668554,14.718441,14.549914,14.581931,66461472
2009-12-03,14.619908,14.679724,14.519635,14.538002,57090852
2009-12-04,14.71869,14.763615,14.375183,14.519883,100443456
2009-12-07,14.500028,14.611221,14.420357,14.550661,65382552
2009-12-08,14.482405,14.660116,14.445175,14.570516,60899040
2009-12-09,14.581683,14.627104,14.484389,14.61941,71168760
2009-12-10,14.654655,14.760637,14.653911,14.680964,66665268
2009-12-11,14.759892,14.761629,14.587394,14.656393,68731200
2009-12-14,14.77652,14.825167,14.708513,14.785952,76459464
2009-12-15,14.725641,14.802086,14.668308,14.721669,91124784
2009-12-16,14.857185,14.901115,14.808537,14.836335,112263624
2009-12-17,14.803575,14.833359,14.737057,14.741525,105446448
2009-12-18,14.793399,14.865377,14.767834,14.803078,141118740
2009-12-21,14.832613,14.887962,14.784463,14.859171,102745152
2009-12-22,14.925193,14.929165,14.863391,14.919733,75156768
2009-12-23,14.978803,15.211365,14.96267,15.181829,82825092
2009-12-24,15.212853,15.376416,15.196472,15.350603,34313652
2009-12-28,15.429532,15.537001,15.350604,15.459563,67848084
2009-12-29,15.505977,15.508459,15.345889,15.373439,56935008
2009-12-30,15.3511,15.456088,15.338939,15.456088,58565376
2009-12-31,15.506226,15.522359,15.387835,15.387835,48743208
2010-01-04,15.560828,15.624368,15.493567,15.555864,78169752
2010-01-05,15.566539,15.58292,15.426555,15.487363,120067812
2010-01-06,15.533775,15.533775,15.049787,15.096945,158988852
2010-01-07,15.125239,15.140132,14.709507,14.745495,256315428
2010-01-08,14.693374,14.972598,14.621644,14.94207,188783028
2010-01-11,15.002631,15.002631,14.744007,14.919484,288227484
2010-01-12,14.833606,14.846265,14.594095,14.655648,193937868
2010-01-13,14.308417,14.603526,14.244134,14.571508,259604136
2010-01-14,14.492333,14.747979,14.46528,14.640012,169434396
2010-01-15,14.726632,14.732093,14.346887,14.395535,217162620
2010-01-19,14.42532,14.654158,14.303454,14.584662,172495332
2010-01-20,14.543958,14.543958,14.278634,14.405711,129897972
2010-01-21,14.480918,14.564809,14.203183,14.469501,252055692
2010-01-22,14.010827,14.162228,13.275165,13.651187,271743984
2010-01-25,13.566303,13.647961,13.291299,13.40274,176619204
2010-01-26,13.352356,13.641011,13.310659,13.462804,174045780
2010-01-27,13.434262,13.592613,13.286335,13.454863,158417424
2010-01-28,13.514181,13.576479,13.169432,13.261018,129034836
2010-01-29,13.365262,13.427311,13.045581,13.153051,165454380
2010-02-01,13.268711,13.298744,13.161986,13.229496,89941968
2010-02-02,13.277647,13.277647,13.095221,13.182339,163684152
2010-02-03,13.121531,13.454861,13.11061,13.423092,119844036
2010-02-04,13.32828,13.353099,13.044341,13.074621,134972892
2010-02-05,13.11483,13.241412,12.967401,13.18656,126113760
2010-02-08,13.216591,13.452381,13.192517,13.240666,107664228
2010-02-09,13.391322,13.440714,13.280377,13.314381,112671216
2010-02-10,13.255559,13.347889,13.097207,13.264991,106873020
2010-02-11,13.236944,13.414903,13.142132,13.313389,96303600
2010-02-12,13.228256,13.332003,13.166951,13.231978,91096812
2010-02-16,13.325054,13.505246,13.261266,13.435006,146029824
2010-02-17,13.452381,13.487129,13.343421,13.358313,81106812
2010-02-18,13.341683,13.527088,13.306935,13.48266,93382524
2010-02-19,13.415895,13.502763,13.395294,13.421603,102021876
2010-02-22,13.585165,13.588889,13.42756,13.472236,85698216
2010-02-23,13.477199,13.492835,13.211378,13.280376,114789096
2010-02-24,13.253325,13.364021,13.1672,13.191027,92970936
2010-02-25,13.08306,13.117063,12.906343,13.065935,132235632
2010-02-26,13.090505,13.197975,12.992714,13.075116,81890028
2010-03-01,13.134685,13.236199,13.098449,13.221307,89426484
2010-03-02,13.290554,13.543221,13.27889,13.429049,174097728
2010-03-03,13.461316,13.604278,13.384126,13.534783,123452424
2010-03-04,13.56407,13.803085,13.556624,13.764863,127224648
2010-03-05,13.932645,14.089507,13.896656,14.003629,156331512
2010-03-08,14.017776,14.027704,13.924205,13.96069,95360544
2010-03-09,13.895414,14.014799,13.812267,13.903853,126936936
2010-03-10,13.992461,14.358307,13.95399,14.307426,225969804
2010-03-11,14.25307,14.549668,14.25158,14.423831,169162668
2010-03-12,14.597569,14.601044,14.374686,14.384118,110025864
2010-03-15,14.064934,14.133685,13.799858,13.978065,185969844
2010-03-16,13.944557,14.10812,13.918,14.0282,137122740
2010-03-17,14.105143,14.183327,14.004622,14.037137,132731136
2010-03-18,14.016287,14.108618,13.972605,14.057985,71016912
2010-03-19,13.899138,14.097697,13.831628,13.899138,191576232
2010-03-22,13.802588,14.069154,13.757167,13.837088,160031808
2010-03-23,13.825672,13.857192,13.452381,13.62612,219831948
2010-03-24,13.539497,13.895414,13.395294,13.832869,262345392
2010-03-25,13.874812,14.196975,13.865878,13.970618,157078764
2010-03-26,14.029938,14.082556,13.899634,13.965902,107740152
2010-03-29,13.973597,14.016287,13.913285,13.959946,124055820
2010-03-30,13.969379,14.088514,13.906088,14.065681,79036884
2010-03-31,14.024478,14.140884,13.968882,14.075855,121110768
2010-04-01,14.180844,14.232966,14.036888,14.117553,84023892
2010-04-05,14.169676,14.268458,14.122517,14.172406,75983940
2010-04-06,14.133932,14.169426,14.033164,14.103156,82321596
2010-04-07,14.080325,14.116313,13.945305,13.987002,103136760
2010-04-08,13.98154,14.143614,13.900379,14.085038,77822100
2010-04-09,14.085038,14.116807,13.998416,14.053517,82181736
2010-04-12,14.081564,14.246615,14.053518,14.215096,94001904
2010-04-13,14.210132,14.615937,14.175385,14.563567,156335508
2010-04-14,14.645225,14.701814,14.495065,14.618917,135971892
2010-04-15,14.697593,14.838322,14.601292,14.775279,270201528
2010-04-16,13.973597,14.117799,13.641755,13.654661,488930580
2010-04-19,13.619913,13.749971,13.52684,13.65342,155604240
2010-04-20,13.754437,13.890698,13.677246,13.77603,118976904
2010-04-21,13.811275,13.905343,13.70455,13.757665,95564340
2010-04-22,13.700578,13.712988,13.485886,13.577968,131096772
2010-04-23,13.582685,13.634062,13.459082,13.526591,83492424
2010-04-26,13.526096,13.526592,13.134934,13.195247,174577248
2010-04-27,13.12848,13.36129,13.085789,13.13121,153634212
2010-04-28,13.206663,13.274422,12.931907,13.134438,136107756
2010-04-29,13.238185,13.315871,13.071891,13.204181,122233644
2010-04-30,13.182588,13.345157,13.041362,13.047815,97318584
2010-05-03,13.067673,13.227015,13.032427,13.169434,74237688
2010-05-04,13.068167,13.073628,12.514436,12.568047,242808948
2010-05-05,12.434267,12.800112,12.421608,12.652185,183104712
2010-05-06,12.627116,12.844787,11.417148,12.376932,199803996
2010-05-07,12.4092,12.541987,11.946556,12.23968,203356440
2010-05-10,12.756679,12.976335,12.722676,12.947295,164954880
2010-05-11,12.798873,12.903364,12.613964,12.634564,132771096
2010-05-12,12.708776,12.708776,12.459584,12.543723,153917928
2010-05-13,12.819472,12.955982,12.667328,12.679986,132898968
2010-05-14,12.652434,12.682714,12.316869,12.596837,164475360
2010-05-17,12.578223,12.617438,12.368991,12.607759,111640248
2010-05-18,12.658143,12.682218,12.337222,12.369488,112906980
2010-05-19,12.317118,12.396045,12.105653,12.271698,137690172
2010-05-20,12.039384,12.052042,11.759664,11.789696,196335468
2010-05-21,11.642018,12.037647,11.526357,11.716228,387244368
2010-05-24,11.931666,12.156534,11.834124,11.843059,173650176
2010-05-25,11.61943,11.850256,11.516677,11.840825,120575304
2010-05-26,11.964925,12.15579,11.789448,11.801114,138884976
2010-05-27,12.036406,12.21908,11.939608,12.173163,112251636
2010-05-28,12.229752,12.247375,11.988006,12.053283,115676208
2010-06-01,11.924219,12.188055,11.916525,11.972369,106565328
2010-06-02,12.079344,12.257799,11.949784,12.245389,101530368
2010-06-03,12.288576,12.608505,12.2784,12.548937,145881972
2010-06-04,12.402996,12.639529,12.32804,12.378176,156655188
2010-06-07,12.386615,12.432532,11.991731,12.050554,145162692
2010-06-08,12.108382,12.132954,11.852489,12.032186,107296596
2010-06-09,12.092745,12.133946,11.714987,11.765122,109050840
2010-06-10,11.922729,12.124515,11.810296,12.087533,103012884
2010-06-11,11.975597,12.129728,11.953755,12.124516,71196732
2010-06-14,12.272937,12.273434,11.992721,11.992721,81534384
2010-06-15,11.989993,12.419874,11.967656,12.360057,170213616
2010-06-16,12.314885,12.509225,12.313395,12.441466,91480428
2010-06-17,12.495574,12.555637,12.327791,12.411931,79012908
2010-06-18,12.472242,12.496069,12.363532,12.410688,114801084
2010-06-21,12.407463,12.434021,12.034916,12.126005,119220660
2010-06-22,12.159264,12.325557,12.055765,12.068671,88699212
2010-06-23,12.084557,12.084557,11.86788,11.964428,81082836
2010-06-24,11.905109,11.981801,11.74626,11.791929,75668256
2010-06-25,11.840577,11.855221,11.679248,11.731866,89718192
2010-06-28,11.729632,11.852738,11.640776,11.716973,70421508
2010-06-29,11.502529,11.530079,11.196748,11.274683,139943916
2010-06-30,11.292055,11.363288,11.0379,11.043609,143983872
2010-07-01,11.052047,11.129238,10.762648,10.908092,140403456
2010-07-02,10.96096,10.97734,10.821472,10.835123,77362560
2010-07-06,11.020032,11.111122,10.76265,10.823212,102301596
2010-07-07,10.878806,11.200968,10.806083,11.173914,125062812
2010-07-08,11.25706,11.350881,11.160512,11.331768,106649244
2010-07-09,11.713996,11.746261,11.48615,11.603051,173086740
2010-07-12,11.724171,11.899648,11.692154,11.810048,133242624
2010-07-13,11.969391,12.235956,11.920496,12.141889,158892948
2010-07-14,12.158768,12.256806,12.073884,12.195005,124595280
2010-07-15,12.204685,12.278399,11.980064,12.261521,194133672
2010-07-16,11.643507,11.679248,11.405236,11.40747,312679008
2010-07-19,11.442217,11.656661,11.355594,11.570536,181829988
2010-07-20,11.442712,11.987758,11.432041,11.95301,162017820
2010-07-21,12.012826,12.05502,11.80012,11.851496,131052816
2010-07-22,11.993715,12.13643,11.9751,12.03293,85822092
2010-07-23,11.932657,12.176388,11.913793,12.163234,90485424
2010-07-26,12.139158,12.18036,12.034668,12.136181,79728192
2010-07-27,12.176142,12.347895,12.165965,12.227022,97949952
2010-07-28,12.284357,12.292052,11.979817,12.021514,99740160
2010-07-29,12.061224,12.133947,11.896917,12.037397,106912980
2010-07-30,11.90486,12.096221,11.892202,12.033923,85678236
2010-08-02,12.136677,12.243154,12.085797,12.171922,74273652
2010-08-03,12.174154,12.222801,12.081328,12.157525,72019908
2010-08-04,12.215854,12.583685,12.187808,12.566808,152347500
2010-08-05,12.556134,12.623395,12.498303,12.610985,96719184
2010-08-06,12.543973,12.552411,12.311907,12.415405,132647220
2010-08-09,12.465791,12.546455,12.443701,12.542731,74813112
2010-08-10,12.468269,12.558863,12.37445,12.502025,82877040
2010-08-11,12.353604,12.360305,12.198976,12.204933,88831080
2010-08-12,12.011338,12.279641,11.975846,12.211635,88095816
2010-08-13,12.136926,12.191281,12.062714,12.071154,77310612
2010-08-16,12.004883,12.158518,11.925956,12.052289,52147800
2010-08-17,12.125261,12.2784,12.063212,12.174653,75552372
2010-08-18,12.172666,12.183338,11.952018,11.966909,107348544
2010-08-19,11.938614,11.975845,11.597093,11.614964,156843000
2010-08-20,11.614964,11.704812,11.442465,11.467285,156547296
2010-08-23,11.45438,11.621914,11.360809,11.518167,119328552
2010-08-24,11.360062,11.376692,11.191783,11.203449,110397492
2010-08-25,11.168949,11.362793,11.168949,11.283617,103580316
2010-08-26,11.319359,11.349142,11.179871,11.193274,71008920
2010-08-27,11.232487,11.416899,11.110621,11.388108,92403504
2010-08-30,11.396052,11.411192,11.229014,11.235716,49206744
2010-08-31,11.17168,11.289822,11.11931,11.169446,77794128
2010-09-01,11.292554,11.539759,11.231,11.42534,129002868
2010-09-02,11.48764,11.527102,11.424844,11.496078,67300632
2010-09-03,11.678255,11.712011,11.60181,11.672794,101514384
2010-09-07,11.528838,11.605532,11.492104,11.526357,68327604
2010-09-08,11.545964,11.727397,11.529087,11.679743,95975928
2010-09-09,11.859688,11.923475,11.679742,11.818734,97126776
2010-09-10,11.889223,11.908335,11.791433,11.817741,78893028
2010-09-13,11.935885,12.021513,11.901881,11.969888,89570340
2010-09-14,11.963434,12.031441,11.915532,11.924219,88571340
2010-09-15,11.912307,11.960457,11.876317,11.929432,96015888
2010-09-16,11.912306,11.974355,11.898902,11.939856,78701220
2010-09-17,12.006622,12.191529,11.942835,12.165469,225438336
2010-09-20,12.223796,12.66832,12.212875,12.615454,175963860
2010-09-21,12.650202,12.905847,12.63109,12.74402,178473348
2010-09-22,12.729127,12.85124,12.69984,12.807062,101382516
2010-09-23,12.772564,12.898648,12.69041,12.744517,92603304
2010-09-24,12.94953,13.100683,12.863157,13.08728,134141724
2010-09-27,13.125997,13.324557,13.125997,13.164718,124171704
2010-09-28,13.240914,13.243644,12.867871,13.0843,146041812
2010-09-29,13.101179,13.227512,13.023245,13.097207,86801112
2010-09-30,13.133692,13.200954,12.879536,13.05005,129634236
2010-10-01,13.154542,13.169931,12.980803,13.045832,88911000
2010-10-04,13.0292,13.111106,12.877799,12.964669,77542380
2010-10-05,13.114333,13.40274,13.068912,13.358809,140143716
2010-10-06,13.384372,13.401497,13.15305,13.262506,110381508
2010-10-07,13.308672,13.333244,13.133196,13.154789,95736168
2010-10-08,13.223291,13.34317,13.095468,13.312145,114253632
2010-10-11,13.365014,13.516912,13.3325,13.373948,104946948
2010-10-12,13.405718,13.55141,13.347887,13.437239,149993856
2010-10-13,13.57648,13.588641,13.460571,13.484646,122101776
2010-10-14,13.506487,13.533044,13.33101,13.425822,265098636
2010-10-15,14.873816,14.932639,14.683448,14.927923,592399008
2010-10-18,14.905584,15.380637,14.905584,15.331493,283644072
2010-10-19,15.111589,15.259764,14.962918,15.086273,183332484
2010-10-20,15.093968,15.323304,15.078084,15.089997,140862996
2010-10-21,15.177611,15.289051,15.040853,15.189525,116703180
2010-10-22,15.187786,15.259765,15.141374,15.202928,90153756
2010-10-25,15.278876,15.505978,15.263488,15.301462,126209664
2010-10-26,15.217073,15.418859,15.165696,15.353582,100415484
2010-10-27,15.283345,15.388333,15.197964,15.300718,89586324
2010-10-28,15.389572,15.413151,15.222038,15.353087,87284628
2010-10-29,15.315609,15.363511,15.214344,15.231966,91040868
2010-11-01,15.28235,15.404711,15.170163,15.264231,123360516
2010-11-02,15.355321,15.388332,15.253807,15.279123,79824096
2010-11-03,15.326281,15.43375,15.227001,15.392797,135084780
2010-11-04,15.503496,15.634545,15.440452,15.494311,142689168
2010-11-05,15.467259,15.524593,15.415882,15.514418,70557372
2010-11-08,15.488106,15.623872,15.466018,15.556361,83967948
2010-11-09,15.63653,15.657626,15.400989,15.507962,89398512
2010-11-10,15.439957,15.462792,15.32653,15.459813,99780120
2010-11-11,15.380885,15.384608,15.244624,15.318587,90373536
2010-11-12,15.239165,15.31139,14.921966,14.973592,135584280
2010-11-15,14.968378,14.991213,14.744255,14.7795,139016844
2010-11-16,14.712237,14.839562,14.481164,14.487865,132163704
2010-11-17,14.519634,14.631323,14.429538,14.483644,97602300
2010-11-18,14.618914,14.891436,14.607993,14.806552,103496400
2010-11-19,14.817475,14.839564,14.652174,14.664336,91808100
2010-11-22,14.58094,14.729115,14.46379,14.674014,87376536
2010-11-23,14.569523,14.619163,14.350859,14.470243,86417496
2010-11-24,14.576968,14.807545,14.570515,14.767089,95760144
2010-11-26,14.65515,14.717697,14.569274,14.643734,52391556
2010-11-29,14.623133,14.63877,14.394293,14.447905,114273612
2010-11-30,14.254558,14.254558,13.733093,13.792661,284411304
2010-12-01,13.973598,14.186304,13.958705,14.007105,150013836
2010-12-02,14.114079,14.229988,14.031925,14.19251,101814084
2010-12-03,14.133686,14.308169,14.097697,14.221796,105142752
2010-12-06,14.409684,14.445176,14.311397,14.354831,83668248
2010-12-07,14.675257,14.718195,14.544457,14.572751,121566312
2010-12-08,14.69263,14.706282,14.487122,14.657138,70205724
2010-12-09,14.740036,14.782229,14.618915,14.680964,74681244
2010-12-10,14.721667,14.742766,14.650931,14.698586,68119812
2010-12-13,14.820451,14.966392,14.745247,14.758401,95844060
2010-12-14,14.819708,14.849492,14.705289,14.765601,65666268
2010-12-15,14.747979,14.803824,14.622638,14.651181,86621292
2010-12-16,14.714472,14.737306,14.595832,14.686177,63812124
2010-12-17,14.668554,14.707273,14.585903,14.66359,123360516
2010-12-20,14.759147,14.839315,14.610475,14.769322,78853068
2010-12-21,14.856441,15.009084,14.832614,14.968131,75104820
2010-12-22,14.991211,15.065671,14.973341,15.028193,48251700
2010-12-23,15.024472,15.040852,14.942317,14.996921,44387568
2010-12-27,14.95994,14.985752,14.879524,14.951005,48275676
2010-12-28,14.942814,14.987987,14.842541,14.865129,42549408
2010-12-29,14.941573,14.951749,14.865128,14.916753,40727232
2010-12-30,14.842294,14.924944,14.827154,14.863639,39540420
2010-12-31,14.811019,14.852717,14.694119,14.742269,61510428
2011-01-03,14.804567,15.030677,14.804567,14.9999,94513392
2011-01-04,15.031422,15.045321,14.894912,14.944551,72907020
2011-01-05,14.893669,15.148322,14.893172,15.117048,101190708
2011-01-06,15.157008,15.349362,15.141372,15.227,82229688
2011-01-07,15.286819,15.344898,15.143361,15.299973,83963952
2011-01-10,15.259267,15.273912,15.104391,15.244624,63104832
2011-01-11,15.331493,15.358546,15.251821,15.289299,57514428
2011-01-12,15.3722,15.3722,15.258525,15.310646,65242692
2011-01-13,15.313127,15.380141,15.243383,15.306178,53306640
2011-01-14,15.323799,15.494311,15.315856,15.492078,94529376
2011-01-18,15.538739,15.934121,15.519132,15.875546,144535320
2011-01-19,15.937347,15.958195,15.628091,15.679965,136107756
2011-01-20,15.691381,15.737795,15.469988,15.556361,219212568
2011-01-21,15.874306,15.927667,15.173887,15.185553,355819824
2011-01-24,15.07982,15.201934,14.922462,15.166937,183784032
2011-01-25,15.095456,15.405457,15.053759,15.386097,145726128
2011-01-26,15.396523,15.450134,15.271182,15.301462,81442476
2011-01-27,15.335962,15.380885,15.220797,15.30866,80687232
2011-01-28,15.365248,15.397266,14.885976,14.916505,169074756
2011-01-31,14.981284,15.002877,14.781484,14.900867,112083804
2011-02-01,15.003373,15.223278,14.969123,15.165944,109702188
2011-02-02,15.164953,15.247852,15.078828,15.189774,70357572
2011-02-03,15.127225,15.176121,15.044079,15.143855,59744196
2011-02-04,15.143856,15.175873,15.055993,15.164456,61969968
2011-02-07,15.144104,15.348373,15.120525,15.246612,71912016
2011-02-08,15.262494,15.379147,15.252069,15.348122,67728204
2011-02-09,15.310645,15.374681,15.198211,15.301462,73626300
2011-02-10,15.236931,15.326283,15.178853,15.299973,93282624
2011-02-11,15.234199,15.512431,15.214591,15.50002,103492404
2011-02-14,15.47123,15.627595,15.389325,15.590613,85034880
2011-02-15,15.570014,15.638765,15.465274,15.491334,83596320
2011-02-16,15.528067,15.54966,15.440453,15.493072,67292640
2011-02-17,15.419356,15.568275,15.395281,15.518884,59092848
2011-02-18,15.53725,15.665817,15.492078,15.638515,128587284
2011-02-22,15.389075,15.510693,15.084783,15.145345,145450404
2011-02-23,15.148325,15.256787,14.991214,15.172895,115468416
2011-02-24,15.174632,15.216827,14.925441,15.110846,108359532
2011-02-25,15.186299,15.257283,15.127724,15.141126,77218704
2011-02-28,15.140133,15.301215,15.090741,15.224521,91168740
2011-03-01,15.333231,15.368972,14.874558,14.910796,132795072
2011-03-02,14.886968,15.040851,14.772548,14.91154,80986932
2011-03-03,15.050284,15.177114,15.016032,15.129211,77734188
2011-03-04,15.098682,15.114816,14.896897,14.907322,120319560
2011-03-07,14.905584,14.983518,14.569274,14.684935,138369492
2011-03-08,14.716456,14.841796,14.648698,14.701068,91304604
2011-03-09,14.668555,14.755673,14.53825,14.687666,85953960
2011-03-10,14.530554,14.559841,14.381883,14.40298,124998876
2011-03-11,14.351357,14.395537,14.229988,14.313879,121158720
2011-03-14,14.216833,14.353094,14.098194,14.147089,112531356
2011-03-15,13.837088,14.172157,13.787447,14.136415,160063776
2011-03-16,14.097944,14.142125,13.682709,13.827159,151788060
2011-03-17,14.010331,14.122516,13.912541,13.932893,115856028
2011-03-18,14.014301,14.097449,13.892685,13.925447,131812056
2011-03-21,14.152796,14.390571,14.123013,14.308664,120715164
2011-03-22,14.327777,14.376424,14.209634,14.329018,75400524
2011-03-23,14.276153,14.456345,14.196977,14.449148,72575352
2011-03-24,14.530307,14.603773,14.36575,14.566545,83864052
2011-03-25,14.566299,14.567042,14.376673,14.389084,114221664
2011-03-28,14.446911,14.519385,14.264236,14.28037,88647264
2011-03-29,14.296257,14.442446,14.222046,14.438475,64127808
2011-03-30,14.504245,14.532044,14.40993,14.441204,56835108
2011-03-31,14.469995,14.598065,14.438721,14.563318,81094824
2011-04-01,14.612958,14.772549,14.612958,14.68841,104423472
2011-04-04,14.718195,14.761381,14.472477,14.586153,82097820
2011-04-05,14.42234,14.432516,14.040113,14.124749,241658100
2011-04-06,14.201445,14.275407,14.097698,14.251084,106625268
2011-04-07,14.289554,14.41142,14.251331,14.395535,101158740
2011-04-08,14.516905,14.516905,14.347386,14.349867,75995928
2011-04-11,14.30122,14.348377,14.221796,14.330259,74253672
2011-04-12,14.271435,14.318842,14.098937,14.162477,83340576
2011-04-13,14.284094,14.335968,14.190771,14.303205,82693224
2011-04-14,14.276152,14.381884,14.199459,14.358554,218033748
2011-04-15,13.534039,13.545456,13.156032,13.171917,561186252
2011-04-18,13.065685,13.096462,12.881522,13.076109,201390408
2011-04-19,13.1533,13.176383,12.928681,12.944317,107256636
2011-04-20,13.052781,13.075615,12.940843,13.048561,122277600
2011-04-21,13.092243,13.111851,12.965662,13.032925,98705196
2011-04-25,13.036647,13.080082,12.95623,13.031683,65166768
2011-04-26,13.068167,13.339199,13.035652,13.224532,139860000
2011-04-27,13.353098,13.355829,13.262506,13.347141,91844064
2011-04-28,13.354589,13.384125,13.255806,13.352356,79920000
2011-04-29,13.402739,13.5045,13.365757,13.5045,168970860
2011-05-02,13.544213,13.544958,13.331258,13.366999,85262652
2011-05-03,13.331508,13.452629,13.145357,13.251091,83176740
2011-05-04,13.282861,13.377921,13.229498,13.298249,84595320
2011-05-05,13.250346,13.388344,13.191771,13.260522,79832088
2011-05-06,13.356824,13.438977,13.283109,13.286087,82161756
2011-05-09,13.27864,13.365263,13.181843,13.345158,77870052
2011-05-10,13.40274,13.512692,13.341683,13.46876,81634284
2011-05-11,13.406214,13.490849,13.246126,13.289808,93458448
2011-05-12,13.284597,13.326791,13.177126,13.279881,57874068
2011-05-13,13.268962,13.301475,13.130962,13.143373,84263652
2011-05-16,13.062957,13.086784,12.816991,12.867126,118209672
2011-05-17,12.792916,13.184822,12.782989,13.165958,132011856
2011-05-18,13.143124,13.162731,13.047815,13.149825,78049872
2011-05-19,13.2223,13.316863,13.147592,13.185567,98649252
2011-05-20,13.199218,13.203934,12.984029,13.006368,92607300
2011-05-23,12.821956,12.906343,12.742532,12.866384,91908000
2011-05-24,12.915524,13.004627,12.860424,12.863153,75924000
2011-05-25,12.840072,12.975092,12.838087,12.898151,52011936
2011-05-26,12.849256,12.95896,12.782243,12.859929,84655260
2011-05-27,12.868615,12.950769,12.814507,12.928679,69762168
2011-05-31,13.030442,13.130962,12.993213,13.130219,107384508
2011-06-01,13.105893,13.233963,13.038135,13.045333,118117764
2011-06-02,13.094229,13.161988,12.967897,13.106392,88091820
2011-06-03,12.955981,13.094972,12.943572,12.982786,69870060
2011-06-06,12.994207,13.075617,12.887729,12.932654,77606316
2011-06-07,12.978071,13.021258,12.881274,12.882267,76227696
2011-06-08,12.820217,12.937118,12.801602,12.885741,66069864
2011-06-09,12.906341,12.906341,12.798127,12.82518,67496436
2011-06-10,12.759409,12.824188,12.640521,12.645982,97498404
2011-06-13,12.658143,12.663107,12.463804,12.527343,96994908
2011-06-14,12.612226,12.759409,12.583435,12.617687,93566340
2011-06-15,12.534787,12.617189,12.425083,12.483162,82849068
2011-06-16,12.47969,12.573012,12.327295,12.419129,110169720
2011-06-17,12.563331,12.57599,12.032682,12.038143,209606184
2011-06-20,12.037646,12.068174,11.894435,12.027222,121022856
2011-06-21,12.092001,12.259535,12.030943,12.236203,110505384
2011-06-22,12.197734,12.220071,12.080584,12.087533,96187716
2011-06-23,11.966414,11.984532,11.757927,11.919008,191875932
2011-06-24,11.930424,11.932162,11.740303,11.786469,152071776
2011-06-27,11.764627,12.122034,11.7547,11.983042,137650212
2011-06-28,12.013323,12.315878,12.013323,12.252339,108495396
2011-06-29,12.324067,12.416149,12.220816,12.349631,93626280
2011-06-30,12.459337,12.575493,12.447175,12.568295,97038864
2011-07-01,12.57723,12.935631,12.568295,12.931907,145322532
2011-07-05,13.037888,13.288569,13.037888,13.215101,153814032
2011-07-06,13.24141,13.365757,13.229993,13.287575,107716176
2011-07-07,13.427559,13.667816,13.300481,13.566551,157262580
2011-07-08,13.22776,13.344414,13.086784,13.203933,190617192
2011-07-11,13.10937,13.302965,13.042852,13.087031,113458428
2011-07-12,13.108873,13.388344,13.055262,13.254069,113534352
2011-07-13,13.32828,13.50202,13.315373,13.359553,111496392
2011-07-14,13.380898,13.45238,13.073379,13.128232,265714020
2011-07-15,14.829882,14.898137,14.598065,14.832861,548734716
2011-07-18,14.705536,14.942814,14.693374,14.766344,178553268
2011-07-19,14.796128,15.00809,14.780989,14.955224,118581300
2011-07-20,14.94604,14.962173,14.776521,14.776521,89022888
2011-07-21,14.743759,15.091982,14.743262,15.065425,138641220
2011-07-22,15.025713,15.375921,14.997914,15.344399,140986872
2011-07-25,15.223526,15.522606,15.21459,15.363014,125138736
2011-07-26,15.339932,15.57448,15.319331,15.450877,93622284
2011-07-27,15.31834,15.411911,15.009829,15.071134,157218624
2011-07-28,15.020748,15.288555,14.966392,15.163463,124211664
2011-07-29,14.99692,15.263238,14.983518,14.983518,165330504
2011-08-01,15.170414,15.276642,14.871582,15.059964,158485356
2011-08-02,15.040852,15.131941,14.682702,14.703302,127895976
2011-08-03,14.749716,14.966393,14.485632,14.920973,152874972
2011-08-04,14.755424,14.863391,14.332742,14.333982,196387416
2011-08-05,14.458578,14.643734,13.948777,14.371708,236926836
2011-08-08,13.973102,14.122518,13.510707,13.552156,299564136
2011-08-09,13.923957,14.261757,13.427808,14.231973,258529212
2011-08-10,13.93339,14.001396,13.594598,13.626368,214569216
2011-08-11,13.745751,14.110107,13.611476,13.952004,193030776
2011-08-12,14.134927,14.159747,13.909066,13.992709,126045828
2011-08-15,13.736072,14.02299,13.552901,13.830388,285510204
2011-08-16,13.711252,13.7115,13.161988,13.37792,277298424
2011-08-17,13.403484,13.494325,13.173653,13.232723,163000836
2011-08-18,12.992466,13.02771,12.422105,12.531065,251376372
2011-08-19,12.393564,12.779017,12.183091,12.18458,216183600
2011-08-22,12.509223,12.583683,12.274178,12.364523,196039764
2011-08-23,12.496814,12.941338,12.386614,12.877055,173698128
2011-08-24,12.889714,13.154542,12.837593,12.988,143636220
2011-08-25,13.163973,13.334982,12.864148,12.907335,131588280
2011-08-26,12.906096,13.165712,12.736079,13.076609,143708148
2011-08-29,13.26772,13.38909,13.2429,13.379906,93338568
2011-08-30,13.357816,13.476951,13.174646,13.420114,119440440
2011-08-31,13.520385,13.559104,13.303459,13.426566,107624268
2011-09-01,13.421355,13.4978,13.184821,13.216591,96523380
2011-09-02,13.017286,13.102914,12.92446,13.026469,95951952
2011-09-06,12.677998,12.974844,12.670553,12.960449,108523368
2011-09-07,13.165711,13.301972,13.09001,13.254565,110121768
2011-09-08,13.248857,13.380402,13.201699,13.277648,95124780
2011-09-09,13.189289,13.269955,12.935879,13.026719,130621248
2011-09-12,12.855709,13.203932,12.844291,13.157518,106709184
2011-09-13,13.20418,13.250842,12.99073,13.142628,94073832
2011-09-14,13.218825,13.327039,13.050794,13.205918,107668224
2011-09-15,13.291051,13.526344,13.26772,13.46628,118313568
2011-09-16,13.521876,13.572508,13.480674,13.568538,141230628
2011-09-19,13.411427,13.648457,13.288072,13.568289,98637264
2011-09-20,13.636046,13.862403,13.469007,13.567294,111052836
2011-09-21,13.593606,13.775039,13.374446,13.382884,100471428
2011-09-22,13.061466,13.12426,12.757422,12.922723,175835988
2011-09-23,12.820961,13.065686,12.769832,13.043099,110980908
2011-09-26,13.086286,13.227264,12.738808,13.201451,105262632
2011-09-27,13.358063,13.57772,13.304701,13.386358,120315564
2011-09-28,13.439969,13.502515,13.097454,13.125749,90441468
2011-09-29,13.304454,13.335727,12.891699,13.092492,116147736
2011-09-30,12.911554,13.005623,12.766854,12.783237,108835056
2011-10-03,12.65442,12.707783,12.285845,12.298751,178797024
2011-10-04,12.16249,12.495326,11.928439,12.457102,166185648
2011-10-05,12.319352,12.603541,11.932659,12.526598,181182636
2011-10-06,12.596093,12.787952,12.474476,12.775045,136835028
2011-10-07,12.827665,12.918753,12.66559,12.785222,114121764
2011-10-10,13.034908,13.339944,12.985764,13.332499,92795112
2011-10-11,13.240416,13.571514,13.240416,13.481666,114021864
2011-10-12,13.604525,13.780747,13.517656,13.613708,126984888
2011-10-13,13.651684,13.874318,13.601796,13.87407,227276496
2011-10-14,14.878778,14.882004,14.583421,14.685431,340854804
2011-10-17,14.487866,14.689155,14.345895,14.455352,160167672
2011-10-18,14.400251,14.707274,14.331003,14.656393,151879968
2011-10-19,14.577714,14.694863,14.376176,14.41291,117142740
2011-10-20,14.442692,14.616183,14.383372,14.486623,135024840
2011-10-21,14.631573,14.711989,14.561829,14.655896,135504360
2011-10-24,14.562326,14.891189,14.556865,14.803078,136938924
2011-10-25,14.720676,14.767834,14.466273,14.473967,101518380
2011-10-26,14.632567,14.648202,14.218323,14.55215,114809076
2011-10-27,14.852718,14.958948,14.72564,14.858924,151060788
2011-10-28,14.755921,14.94902,14.74922,14.89541,100219680
2011-10-31,14.770067,14.884239,14.685183,14.709258,102209688
2011-11-01,14.398018,14.532293,14.314871,14.362029,124878996
2011-11-02,14.517154,14.593102,14.40745,14.515167,84751164
2011-11-03,14.569274,14.829882,14.487865,14.829882,106685208
2011-11-04,14.730604,14.885481,14.704047,14.796128,113278608
2011-11-07,14.726138,15.109853,14.699084,15.098683,134161704
2011-11-08,15.115312,15.248596,14.981285,15.198211,121054824
2011-11-09,14.997668,15.124994,14.858676,14.915514,148291560
2011-11-10,15.039116,15.039613,14.682455,14.769821,114621264
2011-11-11,14.9242,15.192006,14.857186,15.099179,158920920
2011-11-14,15.090492,15.340677,15.085032,15.214591,127420452
2011-11-15,15.209627,15.340676,15.152542,15.30295,106932960
2011-11-16,15.191756,15.346136,15.155272,15.176616,104235660
2011-11-17,15.141373,15.19697,14.812012,14.913527,139592268
2011-11-18,14.941575,15.003625,14.736811,14.764856,131376492
2011-11-21,14.588137,14.606503,14.19921,14.418865,119931948
2011-11-22,14.395535,14.51889,14.277392,14.395535,96115788
2011-11-23,14.280124,14.401742,14.150068,14.150068,92938968
2011-11-25,14.027955,14.25332,13.932149,13.973599,62433504
2011-11-28,14.379899,14.614447,14.308666,14.59881,113042844
2011-11-29,14.591117,14.652671,14.428547,14.468259,73198728
2011-11-30,14.841052,14.879771,14.695607,14.876793,135744120
2011-12-01,14.891932,15.28905,14.867113,15.233703,144679176
2011-12-02,15.315113,15.487611,15.295504,15.397266,163264572
2011-12-05,15.577956,15.683688,15.4479,15.528564,127772100
2011-12-06,15.462541,15.602278,15.394287,15.481902,92966940
2011-12-07,15.43003,15.528812,15.341174,15.472471,90201708
2011-12-08,15.414145,15.57324,15.271678,15.290294,96427476
2011-12-09,15.33869,15.614936,15.31412,15.572495,110537352
2011-12-12,15.434993,15.541718,15.395529,15.52211,87268644
2011-12-13,15.605752,15.799347,15.459066,15.528066,160966872
2011-12-14,15.434248,15.495553,15.201933,15.340428,155991852
2011-12-15,15.450878,15.487611,15.355818,15.376914,96247656
2011-12-16,15.495554,15.619653,15.424817,15.536259,178193628
2011-12-19,15.587138,15.599299,15.388331,15.43375,85654260
2011-12-20,15.586891,15.682199,15.586641,15.645714,95432472
2011-12-21,15.636777,15.6817,15.362516,15.532782,99816084
2011-12-22,15.585648,15.679468,15.562317,15.629083,72819108
2011-12-23,15.686169,15.752686,15.650429,15.714463,58089852
2011-12-27,15.687412,15.996171,15.686171,15.890935,64191744
2011-12-28,15.952985,16.00883,15.837571,15.877284,85002912
2011-12-29,15.921712,15.95919,15.765595,15.944299,62952984
2011-12-30,15.934867,16.052512,15.934867,16.031168,71220708
2012-01-03,16.2059,16.583411,16.191754,16.515404,146912940
2012-01-04,16.505971,16.635533,16.396516,16.586637,114445440
2012-01-05,16.433995,16.479663,16.287558,16.356556,131184684
2012-01-06,16.360029,16.381128,16.127716,16.133425,107608284
2012-01-09,16.04606,16.058469,15.418861,15.449389,232671096
2012-01-10,15.630325,15.730845,15.311637,15.466266,175648176
2012-01-11,15.475201,15.621391,15.41613,15.536259,95904000
2012-01-12,15.666808,15.708258,15.549658,15.627593,74932992
2012-01-13,15.543702,15.560828,15.414639,15.512181,92199708
2012-01-17,15.685672,15.685672,15.529307,15.601285,76295628
2012-01-18,15.552887,15.73581,15.44095,15.708756,110357532
2012-01-19,15.909299,15.909299,15.672766,15.874055,251959788
2012-01-20,14.656888,14.668555,14.43773,14.544207,422628948
2012-01-23,14.544455,14.610475,14.473966,14.532541,136379484
2012-01-24,14.552399,14.586154,14.345897,14.41862,122109768
2012-01-25,14.333733,14.363518,14.057488,14.134679,199308492
2012-01-26,14.19648,14.258529,14.012068,14.100179,128918952
2012-01-27,14.166697,14.403479,14.130708,14.395041,144555300
2012-01-30,14.347138,14.395537,14.231725,14.338202,93126780
2012-01-31,14.469996,14.494816,14.275159,14.398266,85610304
2012-02-01,14.518146,14.532045,14.374191,14.416136,92735172
2012-02-02,14.516408,14.554631,14.447161,14.522365,96491412
2012-02-03,14.660115,14.819211,14.595335,14.800843,126613260
2012-02-06,14.768083,15.160734,14.743264,15.117547,147036816
2012-02-07,15.069396,15.124993,14.985257,15.059964,83600316
2012-02-08,15.106377,15.17364,15.00958,15.13641,73382544
2012-02-09,15.190269,15.251823,15.115313,15.17637,90497412
2012-02-10,15.087512,15.093717,14.991212,15.038618,92914992
2012-02-13,15.152541,15.235439,15.140628,15.194735,72579348
2012-02-14,15.178354,15.189771,15.010075,15.134174,72075852
2012-02-15,15.212855,15.212855,14.955472,15.029932,96938964
2012-02-16,14.961925,15.110596,14.835592,15.053759,101134764
2012-02-17,15.015287,15.081309,14.951501,15.007097,97866036
2012-02-21,14.987987,15.335714,14.963415,15.239412,99132768
2012-02-22,15.188779,15.308411,15.058475,15.089004,78601320
2012-02-23,15.065674,15.089005,14.900622,15.043585,82117800
2012-02-24,15.07436,15.181086,15.028692,15.137651,77346576
2012-02-27,15.055496,15.198707,15.017522,15.123007,72483444
2012-02-28,15.140133,15.382623,15.08255,15.348372,113790096
2012-02-29,15.353582,15.527322,15.27664,15.344895,125350524
2012-03-01,15.444424,15.529804,15.342414,15.447899,89418492
2012-03-02,15.437971,15.48761,15.396274,15.419355,62869068
2012-03-05,15.399004,15.450134,15.174384,15.245618,63668268
2012-03-06,15.091732,15.110596,14.739042,15.015039,126849024
2012-03-07,15.116552,15.169667,15.037378,15.060708,50529420
2012-03-08,15.141125,15.177363,15.04954,15.069148,53766180
2012-03-09,15.089253,15.187291,14.891934,14.898139,106717176
2012-03-12,14.891933,15.065673,14.873567,15.019756,66693240
2012-03-13,15.109106,15.334968,15.029683,15.33323,89742168
2012-03-14,15.264232,15.45733,15.22601,15.288803,117358524
2012-03-15,15.303945,15.475202,15.260014,15.416379,97306596
2012-03-16,15.410421,15.535016,15.389572,15.513423,121897980
2012-03-19,15.465769,15.81697,15.419108,15.735312,86825088
2012-03-20,15.659365,15.786938,15.568771,15.723151,61558380
2012-03-21,15.750948,16.068146,15.698827,15.884232,98685216
2012-03-22,15.847499,16.103144,15.66135,16.034889,96311592
2012-03-23,16.04854,16.095698,15.907068,15.949013,77530392
2012-03-26,16.00883,16.120271,15.873314,16.116299,72695232
2012-03-27,16.059212,16.219795,16.003862,16.058964,80207712
2012-03-28,16.18331,16.34613,16.159732,16.275888,101454444
2012-03-29,16.218306,16.296488,15.991453,16.093462,76895028
2012-03-30,16.176363,16.219549,15.909548,15.915505,92335572
2012-04-02,15.903844,16.070882,15.756661,16.056486,91276632
2012-04-03,16.019003,16.082046,15.850972,15.949755,81714204
2012-04-04,15.846258,15.859909,15.663832,15.764353,65038896
2012-04-05,15.692128,15.796123,15.60104,15.694114,92655252
2012-04-09,15.598803,15.768819,15.519627,15.657378,87220692
2012-04-10,15.723897,15.74822,15.501263,15.558597,99180720
2012-04-11,15.735066,15.78545,15.668796,15.784457,87872040
2012-04-12,15.943055,16.210861,15.891182,16.157995,230033736
2012-04-13,16.072117,16.107859,15.476192,15.502502,326045628
2012-04-16,15.462792,15.482895,14.933135,15.04259,227456316
2012-04-17,15.104391,15.330998,15.065921,15.12946,120835044
2012-04-18,15.091732,15.209626,14.961676,15.07684,106673220
2012-04-19,15.033158,15.295504,14.867114,14.874558,131652216
2012-04-20,14.997417,15.111588,14.788434,14.794142,122213664
2012-04-23,14.715712,14.853462,14.648699,14.832366,87824088
2012-04-24,14.84825,15.056489,14.825416,14.923454,77086836
2012-04-25,14.991213,15.17364,14.963414,15.133183,72771156
2012-04-26,15.162718,15.33869,15.132686,15.275896,83616300
2012-04-27,15.264729,15.307419,15.155025,15.263736,65390544
2012-04-30,15.214343,15.291036,14.907073,15.012309,96195708
2012-05-01,14.986001,15.179843,14.896648,15.001885,80011908
2012-05-02,14.921717,15.093223,14.907073,15.072126,64395540
2012-05-03,15.130702,15.260013,15.114072,15.165449,74645280
2012-05-04,15.038866,15.087761,14.812757,14.816728,88207704
2012-05-07,14.767833,15.154279,14.767833,15.079323,79700220
2012-05-08,15.029188,15.31139,14.909308,15.20938,106984908
2012-05-09,15.061206,15.298484,14.936858,15.119036,93058848
2012-05-10,15.213599,15.293767,15.14584,15.230973,61374564
2012-05-11,15.148818,15.253062,15.010323,15.02174,83892024
2012-05-14,14.911293,15.102901,14.906328,14.991212,72903024
2012-05-15,15.024719,15.264231,14.985007,15.167682,83999916
2012-05-16,15.337698,15.639011,15.287562,15.609972,193210596
2012-05-17,15.73159,15.831365,15.418859,15.464031,134017848
2012-05-18,15.514912,15.696594,14.810027,14.901861,238701060
2012-05-21,14.904591,15.281357,14.891933,15.242142,122892984
2012-05-22,15.225512,15.234696,14.792654,14.911789,121953924
2012-05-23,14.932886,15.130204,14.820452,15.12673,126996876
2012-05-24,15.119283,15.187785,14.863887,14.982775,75576348
2012-05-25,14.916753,14.934871,14.601044,14.681708,143132724
2012-05-29,14.787937,14.870339,14.602036,14.751451,104123772
2012-05-30,14.598065,14.690892,14.48315,14.599803,76191732
2012-05-31,14.611965,14.643735,14.370715,14.416881,118613268
2012-06-01,14.191765,14.21311,14.106384,14.17166,122193684
2012-06-04,14.152797,14.407698,14.147585,14.360539,97210692
2012-06-05,14.282607,14.349124,14.059724,14.157515,93502404
2012-06-06,14.308169,14.444431,14.236937,14.409683,83748168
2012-06-07,14.584166,14.591363,14.32728,14.351603,70269660
2012-06-08,14.292532,14.420355,14.261011,14.406704,56359584
2012-06-11,14.500027,14.527577,14.065182,14.110106,106337556
2012-06-12,14.141629,14.154784,13.863894,14.02572,128839032
2012-06-13,13.941828,14.072877,13.866375,13.926191,78089832
2012-06-14,13.931403,14.024974,13.812763,13.875558,93702204
2012-06-15,13.907577,14.011324,13.826912,14.011076,119927952
2012-06-18,13.964167,14.251829,13.880523,14.168434,99776124
2012-06-19,14.236441,14.501766,14.224775,14.433511,82964952
2012-06-20,14.390822,14.395538,14.234456,14.333735,93774132
2012-06-21,14.391566,14.391566,13.991717,14.02845,80371548
2012-06-22,14.097696,14.184069,14.043589,14.184069,89026884
2012-06-25,14.081068,14.099931,13.833366,13.916513,63200736
2012-06-26,13.967641,14.062949,13.886232,14.015295,53953992
2012-06-27,14.090251,14.246368,14.048554,14.129963,67624308
2012-06-28,14.045575,14.053765,13.82989,14.006111,76759164
2012-06-29,14.270442,14.398762,14.201939,14.397272,100679220
2012-07-02,14.440707,14.469995,14.308665,14.4072,66153780
2012-07-03,14.395784,14.60427,14.345895,14.589874,47532420
2012-07-05,14.612957,14.893422,14.607496,14.790668,93742164
2012-07-06,14.704542,14.7311,14.465527,14.543958,86385528
2012-07-09,14.518394,14.608987,14.426561,14.544703,68535396
2012-07-10,14.648451,14.704047,14.364262,14.43773,76847076
2012-07-11,14.3037,14.342171,14.021747,14.17687,139832028
2012-07-12,14.075854,14.195238,13.951009,14.159248,92299608
2012-07-13,14.2007,14.37444,14.111348,14.309163,78960960
2012-07-16,14.30544,14.375432,14.191517,14.269451,58445496
2012-07-17,14.356568,14.412164,14.107624,14.314374,67136796
2012-07-18,14.320581,14.487122,14.299484,14.4144,61866072
2012-07-19,14.54793,14.854208,14.544456,14.719684,186801012
2012-07-20,15.109356,15.213103,14.846762,15.160485,258289452
2012-07-23,14.903847,15.347378,14.848498,15.27689,142325532
2012-07-24,15.264231,15.336954,14.999652,15.07982,80295624
2012-07-25,15.098434,15.224023,15.025216,15.090244,72847080
2012-07-26,15.264232,15.310645,15.140877,15.223527,67340592
2012-07-27,15.360782,15.760631,15.326283,15.759638,141846012
2012-07-30,15.786689,15.94926,15.624119,15.693615,87380532
2012-07-31,15.593343,15.797858,15.59235,15.710244,74549376
2012-08-01,15.817715,15.872567,15.670781,15.703048,73710216
2012-08-02,15.525088,15.835833,15.472967,15.605504,79028892
2012-08-03,15.884729,15.97706,15.788925,15.91774,75808116
2012-08-06,15.875048,16.117539,15.865368,15.954721,71224704
2012-08-07,15.929155,15.990461,15.797114,15.89813,79192728
2012-08-08,15.86115,16.030421,15.847499,15.940077,52835112
2012-08-09,15.996664,16.042828,15.922452,15.943053,42769188
2012-08-10,15.849735,15.940326,15.788678,15.934371,57326616
2012-08-13,16.068892,16.384848,16.050525,16.381374,130585284
2012-08-14,16.362513,16.700063,16.356308,16.596067,146321532
2012-08-15,16.636275,16.734811,16.482889,16.56827,96331572
2012-08-16,16.567527,16.744493,16.556854,16.700562,68639292
2012-08-17,16.731584,16.809271,16.67152,16.80654,87020892
2012-08-20,16.765835,16.849479,16.695346,16.766829,70253676
2012-08-21,16.706516,16.827884,16.434987,16.617165,88799112
2012-08-22,16.564295,16.892414,16.547417,16.807529,76291632
2012-08-23,16.735308,16.889439,16.654146,16.798101,71296632
2012-08-24,16.768316,16.888693,16.730591,16.843521,57006936
2012-08-27,16.455339,16.678967,16.362265,16.609968,104443452
2012-08-28,16.505223,16.818449,16.498771,16.809267,82261656
2012-08-29,16.812247,17.100656,16.781968,17.07633,119492388
2012-08-30,16.982761,17.060943,16.881993,16.919222,65010924
2012-08-31,16.976807,17.090482,16.878521,17.00386,84998916
2012-09-04,16.990453,17.001621,16.716194,16.903336,75508416
2012-09-05,16.877524,17.038853,16.856178,16.895393,68259672
2012-09-06,17.025451,17.371192,16.994922,17.35903,121618260
2012-09-07,17.373923,17.677967,17.316093,17.526566,129190680
2012-09-10,17.616165,17.691864,17.333961,17.393034,102297600
2012-09-11,17.323287,17.390053,17.150539,17.180075,74877048
2012-09-12,17.11108,17.24759,16.899367,17.147566,105586308
2012-09-13,17.202417,17.597301,17.139126,17.523834,106253640
2012-09-14,17.612191,17.696579,17.547909,17.614178,104635260
2012-09-17,17.575211,17.693602,17.498021,17.621624,60271668
2012-09-18,17.567021,17.837061,17.542202,17.827631,82589328
2012-09-19,17.808274,18.082781,17.781221,18.056473,123808068
2012-09-20,17.981263,18.152768,17.900599,18.071856,116179704
2012-09-21,18.173371,18.240633,18.121497,18.21755,254109636
2012-09-24,18.143337,18.615908,18.124722,18.599527,142409448
2012-09-25,18.69062,18.984488,18.556842,18.59407,242097660
2012-09-26,18.611191,18.893891,18.391537,18.70079,226689084
2012-09-27,18.861877,18.933605,18.655872,18.776247,157086756
2012-09-28,18.71792,18.845741,18.64346,18.726604,111228660
2012-10-01,18.83954,18.987218,18.769051,18.907299,126593280
2012-10-02,18.992178,19.011786,18.621618,18.788406,111496392
2012-10-03,18.756888,18.96041,18.669521,18.925165,88243668
2012-10-04,18.931372,19.108587,18.848225,19.062918,98069832
2012-10-05,19.128937,19.220026,18.987463,19.052988,109326564
2012-10-08,18.887936,18.95197,18.71792,18.809505,78265656
2012-10-09,18.854924,18.895876,18.429512,18.468229,120007872
2012-10-10,18.412883,18.553611,18.324275,18.479897,81514404
2012-10-11,18.686896,18.825888,18.622116,18.651651,95260644
2012-10-12,18.660834,18.735789,18.468479,18.484612,96071832
2012-10-15,18.414867,18.461778,18.135892,18.391041,120643236
2012-10-16,18.369946,18.54021,18.278857,18.483372,82245672
2012-10-17,18.464754,18.772273,18.373169,18.751177,91624284
2012-10-18,18.752416,18.848718,16.778243,17.249819,497198304
2012-10-19,17.512418,17.540214,16.678964,16.921951,458828712
2012-10-22,16.902594,16.992443,16.621881,16.844517,162061776
2012-10-23,16.679214,17.059456,16.678967,16.886213,116547336
2012-10-24,17.046298,17.051261,16.760125,16.810509,99760140
2012-10-25,16.877524,16.927162,16.716442,16.821926,95947956
2012-10-26,16.790655,16.952729,16.659111,16.757149,77953968
2012-10-31,16.874047,16.902341,16.753422,16.884968,61418520
2012-11-01,16.865112,17.148058,16.845753,17.065905,81921996
2012-11-02,17.244612,17.263476,17.060448,17.0741,92883024
2012-11-05,16.989215,17.04779,16.767326,16.950993,65370564
2012-11-06,17.013536,17.038853,16.816714,16.920214,63248688
2012-11-07,16.753427,16.833596,16.542209,16.557846,89202708
2012-11-08,16.63429,16.666308,16.163456,16.189766,103776120
2012-11-09,16.248339,16.588123,16.140372,16.456329,124439436
2012-11-12,16.474198,16.62436,16.402718,16.527561,56179764
2012-11-13,16.455588,16.569758,16.337195,16.357548,63704232
2012-11-14,16.39751,16.435237,16.145339,16.19622,66669264
2012-11-15,16.132929,16.38113,15.981528,16.064924,73882044
2012-11-16,16.033403,16.207887,15.785453,16.062939,137390472
2012-11-19,16.274402,16.602521,16.270183,16.584898,94633272
2012-11-20,16.617164,16.827883,16.494552,16.62858,83464452
2012-11-21,16.604258,16.624364,16.391057,16.526819,84403512
2012-11-23,16.628578,16.629323,16.532524,16.578938,36863100
2012-11-26,16.540964,16.554865,16.356802,16.409668,88095816
2012-11-27,16.385347,16.753425,16.331488,16.646948,100247652
2012-11-28,16.579934,16.999391,16.477677,16.968613,121558320
2012-11-29,17.070625,17.222522,16.927165,17.172636,110948940
2012-11-30,17.158238,17.354562,17.018749,17.333466,126417456
2012-12-03,17.429518,17.52011,17.227731,17.256027,87612300
2012-12-04,17.249823,17.262482,17.019,17.151289,79588332
2012-12-05,17.179087,17.237414,16.935355,17.071617,74421504
2012-12-06,17.065906,17.264962,16.989462,17.153769,58433508
2012-12-07,17.249822,17.296485,16.937589,16.982016,76695228
2012-12-10,17.011305,17.166679,16.971594,17.012051,54613332
2012-12-11,17.125723,17.421575,17.069134,17.296484,107396496
2012-12-12,17.35481,17.461039,17.212097,17.31336,96942960
2012-12-13,17.769055,17.782705,17.362753,17.440935,137658204
2012-12-14,17.353321,17.568014,17.334955,17.422569,85118796
2012-12-17,17.510432,17.917975,17.473699,17.889681,121294584
2012-12-18,17.785934,18.096183,17.747462,17.896877,120075804
2012-12-19,17.887942,17.944781,17.787918,17.873051,76667256
2012-12-20,17.951233,17.985732,17.795116,17.928896,66213720
2012-12-21,17.720656,17.841032,17.635028,17.761858,140898960
2012-12-24,17.734063,17.750691,17.559331,17.609715,33602364
2012-12-26,17.574217,17.693601,17.433736,17.594072,47248704
2012-12-27,17.551135,17.59333,17.339422,17.530039,65830104
2012-12-28,17.415871,17.545429,17.374174,17.374174,56023920
2012-12-31,17.37392,17.636267,17.274641,17.557091,79816104
2013-01-02,17.855924,18.044059,17.784692,17.950983,101550348
2013-01-03,17.992681,18.166419,17.888188,17.961407,92635272
2013-01-04,18.102139,18.403203,18.060937,18.316334,110429460
2013-01-07,18.253791,18.351332,18.132918,18.236416,66161772
2013-01-08,18.25602,18.274884,17.980272,18.200424,66976956
2013-01-09,18.174857,18.32576,18.083767,18.320053,80907012
2013-01-10,18.436956,18.490817,18.205388,18.40345,73354572
2013-01-11,18.416357,18.427028,18.274883,18.366468,51356592
2013-01-14,18.292258,18.421322,17.928646,17.950983,114441444
2013-01-15,17.85369,18.242617,17.674242,17.992682,156950892
2013-01-16,17.929887,17.978039,17.71321,17.750937,80855064
2013-01-17,17.81348,17.861382,17.647435,17.654881,88371540
2013-01-18,17.631057,17.690873,17.406933,17.485861,128942928
2013-01-22,17.489581,17.506459,17.262727,17.445152,151544304
2013-01-23,18.26719,18.590098,18.262226,18.403948,236127636
2013-01-24,18.397493,18.784436,18.379374,18.719408,135172692
2013-01-25,18.634029,18.825391,18.621122,18.706007,88946964
2013-01-28,18.658596,18.753905,18.562543,18.633032,65018916
2013-01-29,18.534253,18.787417,18.529041,18.706255,69814116
2013-01-30,18.707742,18.886694,18.687143,18.709976,69250680
2013-01-31,18.627575,18.804044,18.621121,18.756142,65302632
2013-02-01,18.818442,19.275128,18.81596,19.250307,149694156
2013-02-04,19.053977,19.122977,18.820175,18.838789,121498380
2013-02-05,18.891161,19.138863,18.849961,19.005581,74753172
2013-02-06,18.840034,19.184782,18.825886,19.115534,83040876
2013-02-07,19.103869,19.329978,18.999624,19.209352,113494392
2013-02-08,19.362741,19.525061,19.348593,19.492796,120683196
2013-02-11,19.3198,19.433973,19.204389,19.419577,86625288
2013-02-12,19.402947,19.555589,19.343876,19.376886,74285640
2013-02-13,19.362739,19.492297,19.358766,19.430496,47880072
2013-02-14,19.352814,19.576441,19.304168,19.553608,69342588
2013-02-15,19.543183,19.688628,19.534992,19.679445,109082808
2013-02-19,19.756382,20.029648,19.738759,20.025925,117154728
2013-02-20,19.987455,20.078543,19.65214,19.668768,110457432
2013-02-21,19.806273,19.991181,19.637994,19.744967,140115744
2013-02-22,19.837544,19.886935,19.702028,19.848713,82073844
2013-02-25,19.912996,20.064645,19.619873,19.626823,92063844
2013-02-26,19.731812,19.75539,19.46872,19.610939,88011900
2013-02-27,19.726848,19.973805,19.635262,19.850451,80962956
2013-02-28,19.883209,20.029397,19.88147,19.885691,90541368
2013-03-01,19.801308,20.033126,19.760355,20.009546,86928984
2013-03-04,19.987458,20.4228,19.980012,20.38954,110912976
2013-03-05,20.57395,20.852429,20.573205,20.813959,161602236
2013-03-06,20.874272,20.947986,20.570973,20.63476,114805080
2013-03-07,20.701277,20.764816,20.590084,20.665041,82025892
2013-03-08,20.712197,20.722623,20.477649,20.638235,116359524
2013-03-11,20.642452,20.841259,20.637736,20.720139,63724212
2013-03-12,20.618133,20.647418,20.443399,20.541189,80251668
2013-03-13,20.548388,20.617636,20.409644,20.484104,65586348
2013-03-14,20.525797,20.525797,20.287528,20.39053,65981952
2013-03-15,20.315079,20.359756,20.187008,20.210836,123864012
2013-03-18,19.980009,20.17261,19.892395,20.049257,73458468
2013-03-19,20.134889,20.333699,20.016002,20.136875,83844072
2013-03-20,20.27363,20.290508,20.139852,20.221012,58493448
2013-03-21,20.136129,20.275864,20.100389,20.135384,59044896
2013-03-22,20.221757,20.234167,20.095175,20.111805,59468472
2013-03-25,20.163927,20.333198,20.025183,20.095175,68411520
2013-03-26,20.190983,20.203392,20.049261,20.164177,47628324
2013-03-27,20.021707,20.029648,19.88892,19.921932,86441472
2013-03-28,19.954943,19.989194,19.689619,19.711708,91420488
2013-04-01,19.732061,19.911757,19.688377,19.885448,72219708
2013-04-02,19.968596,20.223992,19.955191,20.179564,81578340
2013-04-03,20.189988,20.208354,19.872541,20.009794,69470460
2013-04-04,19.961395,19.998625,19.639977,19.733549,97806096
2013-04-05,19.509924,19.533007,19.270163,19.435217,137218644
2013-04-08,19.328488,19.348346,19.071603,19.231691,113170716
2013-04-09,19.247824,19.452589,19.188506,19.301188,86205708
2013-04-10,19.431986,19.666038,19.260231,19.612179,79064856
2013-04-11,19.679194,19.684653,19.460281,19.617392,81066852
2013-04-12,19.657103,19.659833,19.432233,19.608952,65402532
2013-04-15,19.50719,19.781449,19.285547,19.407413,98025876
2013-04-16,19.523077,19.756632,19.456809,19.691355,69610320
2013-04-17,19.527047,19.62856,19.312354,19.423052,81398520
2013-04-18,19.492301,19.503471,18.89439,19.009804,132767100
2013-04-19,19.090463,19.94129,19.018488,19.852684,231895872
2013-04-22,19.870803,19.954199,19.235414,19.858643,115220664
2013-04-23,19.880734,20.240621,19.864849,20.051991,91600308
2013-04-24,20.057202,20.302671,20.054472,20.189741,73090836
2013-04-25,20.259237,20.264697,20.045288,20.081774,79608312
2013-04-26,20.044543,20.048018,19.771028,19.891155,99408492
2013-04-29,19.936578,20.419324,19.930373,20.328981,91939968
2013-04-30,20.32749,20.541935,20.294727,20.465738,92175732
2013-05-01,20.433223,20.469461,20.261964,20.362982,58141800
2013-05-02,20.354791,20.713439,20.328729,20.590828,80651268
2013-05-03,20.773253,21.017481,20.749427,20.990675,100403496
2013-05-06,21.053719,21.391021,21.053719,21.383575,85566348
2013-05-07,21.419812,21.441156,21.113534,21.276352,78281640
2013-05-08,21.270644,21.689606,21.169131,21.683401,98633268
2013-05-09,21.614154,21.833066,21.549373,21.630039,87935976
2013-05-10,21.725098,21.854905,21.646915,21.847212,75832092
2013-05-13,21.813957,21.902812,21.677199,21.780203,57882060
2013-05-14,21.77945,22.057184,21.770516,22.017721,63108828
2013-05-15,22.226211,22.74445,22.189478,22.732288,159276564
2013-05-16,22.809476,22.833802,22.387787,22.433952,128255616
2013-05-17,22.586595,22.672719,22.350806,22.565746,111568320
2013-05-20,22.462001,22.849191,22.462001,22.549616,90817092
2013-05-21,22.536953,22.627298,22.278579,22.510893,79240680
2013-05-22,22.401439,22.568973,22.012263,22.075304,102321576
2013-05-23,21.767044,22.088709,21.692584,21.910751,90912996
2013-05-24,21.723855,21.812215,21.618371,21.675705,91780128
2013-05-28,21.928372,22.142816,21.85143,21.873024,90209700
2013-05-29,21.735026,21.791614,21.451583,21.551357,80455464
2013-05-30,21.591315,21.814197,21.504198,21.612164,84743172
2013-05-31,21.546643,21.767043,21.53175,21.623583,78697224
2013-06-03,21.667766,21.691839,21.221503,21.534481,98928972
2013-06-04,21.539944,21.607951,21.197926,21.322769,74669256
2013-06-05,21.407402,21.579652,21.273871,21.337658,84187728
2013-06-06,21.451831,21.502215,21.027907,21.46027,103060836
2013-06-07,21.603728,21.841503,21.477148,21.834801,106877016
2013-06-10,21.893626,22.114521,21.843738,22.095163,93418488
2013-06-11,21.940036,22.015241,21.829588,21.836786,70233696
2013-06-12,21.977019,21.990422,21.584617,21.642447,88103808
2013-06-13,21.567988,21.833065,21.481615,21.767044,82713204
2013-06-14,21.843986,21.958159,21.695812,21.718397,89710200
2013-06-17,21.82239,22.075552,21.798811,21.996626,85766148
2013-06-18,22.056195,22.362723,22.048751,22.353291,86589324
2013-06-19,22.371906,22.606951,22.275854,22.35478,116519364
2013-06-20,22.188732,22.362721,21.923656,21.959148,134745120
2013-06-21,22.0485,22.086724,21.669501,21.864586,159132708
2013-06-24,21.639965,21.750165,21.425771,21.588093,120555324
2013-06-25,21.773494,21.833558,21.45704,21.498987,102025872
2013-06-26,21.686381,21.791865,21.607453,21.683899,73182744
2013-06-27,21.811718,21.957906,21.758355,21.76878,76982940
2013-06-28,21.714921,21.887171,21.697299,21.850685,93878028
2013-07-01,22.001592,22.141327,21.965602,22.037085,68923008
2013-07-02,22.094666,22.114522,21.773747,21.898838,75584340
2013-07-03,21.839022,22.069102,21.804273,22.001097,41838120
2013-07-05,22.089949,22.223975,22.023679,22.176321,68007924
2013-07-08,22.318293,22.493521,22.265428,22.464235,78701220
2013-07-09,22.610917,22.659317,22.287761,22.467955,79096824
2013-07-10,22.423525,22.61439,22.347329,22.486568,68267664
2013-07-11,22.66056,22.854402,22.549367,22.840256,103264632
2013-07-12,22.834298,22.908758,22.716155,22.908758,102625272
2013-07-15,22.941025,23.032858,22.743955,22.950705,78341580
2013-07-16,23.011259,23.032108,22.682894,22.824615,79240680
2013-07-17,22.859117,23.004561,22.742462,22.798307,60183756
2013-07-18,22.809229,22.834298,22.417075,22.602976,145234620
2013-07-19,22.005561,22.411118,21.732543,22.253511,294077628
2013-07-22,22.387538,22.652367,22.263438,22.603472,116011872
2013-07-23,22.603473,22.66056,22.327228,22.432217,81746172
2013-07-24,22.518093,22.593544,22.355273,22.409878,83056860
2013-07-25,22.185754,22.259716,21.992405,22.032614,119923956
2013-07-26,22.014993,22.089453,21.891141,21.974289,71036892
2013-07-29,21.963122,22.209334,21.863593,21.897844,75600324
2013-07-30,21.977019,22.22894,21.863096,22.112535,70153776
2013-07-31,22.163913,22.251278,21.99489,22.033855,86853060
2013-08-01,22.213798,22.45083,22.213798,22.442638,85450464
2013-08-02,22.423278,22.511638,22.35825,22.500965,68487444
2013-08-05,22.47168,22.474907,22.318044,22.462,52335612
2013-08-06,22.454307,22.578903,22.231921,22.252769,60183756
2013-08-07,22.214794,22.299431,22.067115,22.105837,55112832
2013-08-08,22.225965,22.234652,21.972801,22.155724,59460480
2013-08-09,22.103601,22.226708,22.089703,22.09988,52895052
2013-08-12,22.012759,22.015241,21.882454,21.97826,55024920
2013-08-13,22.011022,22.052472,21.747187,21.872526,56735208
2013-08-14,21.801045,21.847211,21.522814,21.588587,83204712
2013-08-15,21.455307,21.467221,21.295466,21.336668,74693232
2013-08-16,21.376873,21.405663,21.259225,21.26841,66936996
2013-08-19,21.288267,21.642943,21.281814,21.485336,72363564
2013-08-20,21.552353,21.645677,21.432969,21.479631,49270680
2013-08-21,21.609434,21.764806,21.50643,21.576672,70221708
2013-08-22,21.660318,21.711199,21.59951,21.685387,34761204
2013-08-23,21.787644,21.791863,21.5871,21.598516,43040916
2013-08-26,21.593301,21.714918,21.495261,21.5037,42057900
2013-08-27,21.335677,21.437686,21.044788,21.100632,69294636
2013-08-28,21.10311,21.231179,21.041555,21.060915,53142804
2013-08-29,21.073822,21.354535,21.06191,21.231678,59080860
2013-08-30,21.239868,21.296457,20.986706,21.019964,74389536
2013-09-03,21.205121,21.498739,21.194944,21.354536,81822096
2013-09-04,21.353789,21.680172,21.225224,21.633759,81566352
2013-09-05,21.680172,21.838521,21.633261,21.83058,51600348
2013-09-06,21.902062,21.935322,21.686129,21.831079,62401536
2013-09-09,21.934081,22.083498,21.901568,22.041304,49334616
2013-09-10,22.0902,22.139343,21.940783,22.056692,51452496
2013-09-11,22.053466,22.262697,21.992407,22.243338,64359576
2013-09-12,22.273365,22.285777,22.089949,22.165648,43776180
2013-09-13,22.201391,22.230677,21.96163,22.066618,52962984
2013-09-16,22.243584,22.26344,21.962375,22.034103,53406540
2013-09-17,22.025416,22.049739,21.866321,21.993151,50325624
2013-09-18,21.99911,22.436436,21.9177,22.420303,77310612
2013-09-19,22.48657,22.48657,22.223727,22.297937,63852084
2013-09-20,22.297941,22.440407,22.22919,22.415091,173638188
2013-09-23,22.242344,22.377363,21.970565,22.002832,71024904
2013-09-24,22.002832,22.092183,21.876249,22.011271,59412528
2013-09-25,22.004071,22.004071,21.732295,21.772751,65894040
2013-09-26,21.799307,21.909757,21.717401,21.796082,50345604
2013-09-27,21.712934,21.77995,21.625819,21.751904,50301648
2013-09-30,21.57047,21.862352,21.551358,21.73999,68827104
2013-10-01,21.847708,22.031872,21.842744,22.015242,67324608
2013-10-02,21.909259,22.073816,21.787393,22.039812,59752188
2013-10-03,22.040058,22.19146,21.645422,21.744453,84595320
2013-10-04,21.717401,21.779699,21.593303,21.65163,54265680
2013-10-07,21.530014,21.692336,21.447116,21.487572,51692256
2013-10-08,21.477148,21.493528,21.137362,21.187996,77670252
2013-10-09,21.252777,21.410879,20.922673,21.242352,105945948
2013-10-10,21.440415,21.564265,21.350318,21.549622,90121788
2013-10-11,21.49477,21.679677,21.476651,21.642696,56299644
2013-10-14,21.510407,21.74843,21.478886,21.744955,49694256
2013-10-15,21.736266,21.981237,21.692582,21.89139,63612324
2013-10-16,21.987194,22.296449,21.941028,22.289003,80223696
2013-10-17,22.163914,22.260959,21.983721,22.059671,170093736
2013-10-18,24.238604,25.203603,24.174569,25.103081,462193344
2013-10-21,25.104321,25.291465,24.808716,24.901793,144986868
2013-10-22,24.943989,25.142547,24.715398,24.993628,88255656
2013-10-23,24.844711,25.682382,24.835526,25.599483,106421472
2013-10-24,25.610901,25.826835,25.435424,25.454039,83600316
2013-10-25,25.535199,25.535199,25.086456,25.197151,81138780
2013-10-28,25.19715,25.401417,25.142298,25.192186,46301652
2013-10-29,25.293948,25.736736,25.154958,25.719362,64135800
2013-10-30,25.748898,25.750884,25.465207,25.574909,52911036
2013-10-31,25.537929,25.850411,25.414821,25.578882,65534400
2013-11-01,25.608916,25.713406,25.442869,25.49102,51280668
2013-11-04,25.601712,25.623306,25.366668,25.467934,45506448
2013-11-05,25.324976,25.605439,25.252252,25.354015,47208744
2013-11-06,25.455277,25.490024,25.20137,25.384539,36479484
2013-11-07,25.381068,25.41383,25.009513,25.017208,67116816
2013-11-08,25.037062,25.279055,25.030857,25.217751,51580368
2013-11-11,25.055926,25.215268,25.018447,25.082729,44459496
2013-11-12,25.011005,25.255728,24.943991,25.11227,48675276
2013-11-13,24.987423,25.635222,24.981219,25.62579,63112824
2013-11-14,25.661779,25.806478,25.573171,25.694292,46621332
2013-11-15,25.685362,25.763049,25.572183,25.652847,51000948
2013-11-18,25.707198,26.029608,25.545621,25.602955,70317612
2013-11-19,25.607177,25.682382,25.391989,25.445353,45218736
2013-11-20,25.563244,25.64788,25.325221,25.373619,38509452
2013-11-21,25.490025,25.770739,25.465206,25.665503,43628328
2013-11-22,25.649367,25.717622,25.545124,25.611393,50117832
2013-11-25,25.742196,26.140059,25.689082,25.959866,64455480
2013-11-26,26.026135,26.346311,25.885654,26.269617,91360548
2013-11-27,26.359467,26.507641,26.309083,26.386272,44899056
2013-11-29,26.362695,26.47339,26.295431,26.298906,47664288
2013-12-02,26.3962,26.466687,26.079746,26.172075,54873072
2013-12-03,26.084464,26.394465,26.036562,26.141798,66976956
2013-12-04,26.094884,26.407862,26.06088,26.263908,47616336
2013-12-05,26.239584,26.300643,26.087937,26.243061,45302652
2013-12-06,26.55207,26.557282,26.311067,26.554054,57094848
2013-12-09,26.581854,26.862815,26.508138,26.759315,59244696
2013-12-10,26.709925,27.111014,26.697514,26.921143,74081844
2013-12-11,26.989145,27.086439,26.685598,26.738216,68403528
2013-12-12,26.794806,26.87845,26.532462,26.556288,63796140
2013-12-13,26.69131,26.713398,26.256714,26.32869,86409504
2013-12-16,26.408363,26.673687,26.35897,26.631245,64015920
2013-12-17,26.627277,26.824346,26.517077,26.55381,61366572
2013-12-18,26.603196,26.928338,26.285254,26.923374,88323588
2013-12-19,26.824591,27.103072,26.782646,26.959862,66561372
2013-12-20,27.011486,27.330917,27.004038,27.317266,130333536
2013-12-23,27.496467,27.694032,27.428958,27.676659,68795136
2013-12-24,27.67343,27.680133,27.502919,27.595745,29338632
2013-12-26,27.649603,27.773453,27.517561,27.735231,53458488
2013-12-27,27.798279,27.805227,27.623049,27.758566,62725212
2013-12-30,27.806717,27.810687,27.525756,27.536674,49394556
2013-12-31,27.605673,27.823095,27.457249,27.815897,54261684
2014-01-02,27.685591,27.74243,27.506889,27.627514,72783144
2014-01-03,27.674174,27.722076,27.424239,27.425976,66601332
2014-01-06,27.624787,27.769982,27.46172,27.73176,70701228
2014-01-07,27.922374,28.286979,27.827066,28.266378,102001896
2014-01-08,28.44359,28.476353,28.12813,28.325199,89610300
2014-01-09,28.380053,28.399413,27.936274,28.052431,83296620
2014-01-10,28.271841,28.271841,27.85412,28.050943,85654260
2014-01-13,27.958858,28.466176,27.728033,27.872238,96659244
2014-01-14,28.243792,28.567694,27.999069,28.527981,99204696
2014-01-15,28.617085,28.666973,28.388741,28.508621,77929992
2014-01-16,28.520536,28.739695,28.493235,28.697254,67288644
2014-01-17,28.712884,28.806703,28.398914,28.556023,107943948
2014-01-21,28.814154,28.890352,28.575139,28.882906,79116804
2014-01-22,28.955132,28.986901,28.762778,28.915668,62793144
2014-01-23,28.791069,28.852869,28.651331,28.79355,77886036
2014-01-24,28.567939,28.630983,27.872735,27.893335,155544300
2014-01-27,27.949677,27.959605,26.861821,27.332405,173969856
2014-01-28,27.558021,27.940993,27.548589,27.872986,88319592
2014-01-29,27.776436,27.841711,27.287484,27.473633,95100804
2014-01-30,28.418773,28.604673,27.978219,28.180252,203452344
2014-01-31,29.072776,29.449791,28.570918,29.311544,222429348
2014-02-03,29.267613,29.330159,28.096363,28.131607,182581236
2014-02-04,28.244784,28.666971,28.220462,28.249004,112363524
2014-02-05,28.378564,28.561983,27.997331,28.374096,95684220
2014-02-06,28.57092,28.795045,28.482065,28.790081,77786136
2014-02-07,28.980448,29.235347,28.804971,29.22393,105342552
2014-02-10,29.083943,29.347035,29.014945,29.111992,77730192
2014-02-11,29.291688,29.582079,29.094121,29.540134,81949968
2014-02-12,29.51085,29.535669,29.321722,29.453516,68911020
2014-02-13,29.306083,29.781385,29.27903,29.781385,73382544
2014-02-14,29.674906,29.892826,29.605163,29.853361,87380532
2014-02-18,29.818862,30.103298,29.783865,30.053905,84271644
2014-02-19,29.915412,30.012707,29.721816,29.841946,84059856
2014-02-20,29.861804,29.954878,29.78933,29.88588,67963968
2014-02-21,29.97771,30.028839,29.854355,29.877934,74417508
2014-02-24,29.916901,30.284235,29.910448,30.094364,66905028
2014-02-25,30.179498,30.391956,30.042493,30.280268,57490452
2014-02-26,30.379543,30.500664,30.125388,30.284483,79208712
2014-02-27,30.240303,30.385252,30.206052,30.260656,50349600
2014-02-28,30.288703,30.384259,29.938246,30.172298,92451456
2014-03-03,29.951401,29.978455,29.588781,29.850632,84107808
2014-03-04,30.156165,30.180984,30.019657,30.153931,58649292
2014-03-05,30.157404,30.35671,30.06706,30.237076,49362588
2014-03-06,30.336855,30.432908,30.245517,30.270586,50673276
2014-03-07,30.44904,30.453756,30.067807,30.150953,60543396
2014-03-10,30.173292,30.221691,29.885381,30.071035,48535416
2014-03-11,30.125637,30.139288,29.700472,29.783619,68451480
2014-03-12,29.694516,29.978704,29.391465,29.965054,78493428
2014-03-13,29.981185,30.044476,29.405612,29.512337,93730176
2014-03-14,29.336862,29.557264,29.102066,29.108767,91664244
2014-03-17,29.268854,29.711144,29.240558,29.58779,86397516
2014-03-18,29.651576,30.07004,29.611615,30.063337,72527400
2014-03-19,30.076739,30.081455,29.645122,29.765249,64451484
2014-03-20,29.782625,30.022387,29.668702,29.713379,67320612
2014-03-21,29.94048,30.022881,29.348277,29.362921,128211660
2014-03-24,29.391466,29.409087,28.442353,28.739695,121362516
2014-03-25,28.939989,29.035297,28.468413,28.759302,96311592
2014-03-26,28.840956,29.078236,28.083703,28.095367,103096800
2014-03-27,28.067571,28.094625,27.354,27.656307,152735112
2014-03-28,27.773458,28.125653,27.742929,27.802002,90265644
2014-03-31,28.056404,28.170575,27.620814,27.662016,77614308
2014-04-01,27.804976,28.232623,27.748635,28.167845,87152760
2014-04-02,28.341832,28.41381,27.897556,28.173058,83360556
2014-04-03,28.434488,29.173878,28.068513,28.340763,80366000
2014-04-04,28.690375,28.748396,27.001336,27.039024,107274000
2014-04-07,27.016211,27.267137,26.309056,26.809916,79232000
2014-04-08,27.029107,27.764528,27.011751,27.646999,69650000
2014-04-09,28.060083,28.157279,27.54137,28.119591,60632000
2014-04-10,28.1672,28.177614,27.051422,27.110434,65890000
2014-04-11,26.676518,27.155063,26.45138,26.667593,63494000
2014-04-14,26.960176,27.424339,26.804462,27.036545,50824000
2014-04-15,27.324165,27.417892,26.31451,27.210108,79956000
2014-04-16,27.65642,27.968839,27.428306,27.963879,91644000
2014-04-17,27.587986,27.621707,26.74892,26.944305,112294000
2014-04-21,26.977038,26.977038,26.481136,26.747435,48502000
2014-04-22,26.580315,27.175397,26.580315,27.051422,46622000
2014-04-23,26.960671,27.016707,26.19004,26.655195,39114000
2014-04-24,26.862482,26.902651,26.332364,26.502954,41348000
2014-04-25,26.394847,26.474191,25.910847,25.940601,47400000
2014-04-28,26.074497,26.079455,25.340562,25.934652,75056000
2014-04-29,25.979779,26.667594,25.935643,26.59668,50704000
2014-04-30,26.536673,26.597172,26.237645,26.524771,40770000
2014-05-01,26.49353,26.774211,26.424599,26.705776,40086000
2014-05-02,26.850085,26.897692,26.444933,26.474688,35616000
2014-05-05,26.294675,26.56643,26.162766,26.547091,24568000
2014-05-06,26.451873,26.508407,25.898944,25.914316,36700000
2014-05-07,25.948042,26.006558,25.345026,25.687693,61486000
2014-05-08,25.574627,26.151362,25.512144,25.795303,49040000
2014-05-09,25.71993,26.151364,25.503221,26.115162,45224000
2014-05-12,26.374016,26.716685,26.159291,26.700815,38968000
2014-05-13,26.757847,26.976539,26.674536,26.855043,40240000
2014-05-14,26.868928,26.868928,26.436999,26.501467,25618000
2014-05-15,26.438484,26.481133,26.050193,26.239132,36658000
2014-05-16,26.262935,26.324427,25.963906,26.198469,38154000
2014-05-19,26.227232,26.746441,26.067553,26.720654,39530000
2014-05-20,26.778675,27.093571,26.608581,26.798016,48506000
2014-05-21,26.922486,27.262177,26.883308,27.259699,31294000
2014-05-22,27.383677,27.669317,27.324168,27.544844,42994000
2014-05-23,27.677743,28.018427,27.481366,27.95892,53450000
2014-05-27,28.156287,28.507881,27.976276,28.507881,43716000
2014-05-28,28.493007,28.64624,28.2639,28.288694,31632000
2014-05-29,28.43449,28.438953,28.189515,28.294149,28222000
2014-05-30,28.347708,28.394322,28.057604,28.348204,37434000
2014-06-02,28.253983,28.286714,27.606832,27.985701,33210000
2014-06-03,27.815109,27.889495,27.400039,27.498228,40626000
2014-06-04,27.349951,27.700058,27.203164,27.461033,34582000
2014-06-05,27.62716,28.018427,27.525005,28.014956,35868000
2014-06-06,28.175133,28.206871,27.749649,28.069506,34804000
2014-06-09,28.10521,28.365559,28.029337,28.30258,30594000
2014-06-10,28.205877,28.365558,28.074463,28.182076,29676000
2014-06-11,28.06405,28.2153,27.952968,28.142403,22580000
2014-06-12,28.11761,28.11761,27.629147,27.745684,30930000
2014-06-13,27.774443,27.802709,27.459051,27.787832,27066000
2014-06-16,27.634101,27.670798,27.274573,27.38863,39436000
2014-06-17,27.391609,27.460044,27.149114,27.305323,29552000
2014-06-18,27.413429,27.839905,27.35293,27.803209,41212000
2014-06-19,27.827505,28.018427,27.605341,28.017931,52548000
2014-06-20,28.090332,28.1062,27.739234,28.093803,63212000
2014-06-23,27.986195,28.486558,27.944041,28.47912,34456000
2014-06-24,28.475651,28.873858,28.224724,28.39234,56886000
2014-06-25,28.442422,29.124286,28.428041,29.056347,42294000
2014-06-26,29.223466,29.238342,28.742441,28.998823,40248000
2014-06-27,29.032546,29.15305,28.892208,29.044449,40426000
2014-06-30,29.097509,29.14462,28.925431,28.993866,29578000
2014-07-01,29.141646,29.439683,29.074204,29.332071,32864000
2014-07-02,29.370256,29.463981,29.214046,29.296862,23916000
2014-07-03,29.342483,29.468938,29.208591,29.410917,17978000
2014-07-07,29.432243,29.538365,29.156025,29.29587,26734000
2014-07-08,29.07817,29.157514,28.46474,28.682936,42504000
2014-07-09,28.710208,28.965597,28.613508,28.9289,27456000
2014-07-10,28.415149,29.02263,28.370518,28.764265,28724000
2014-07-11,28.811869,29.170407,28.791041,29.092054,30232000
2014-07-14,29.287936,29.49919,29.094037,29.469435,39032000
2014-07-15,29.513571,29.521009,29.025603,29.409927,33476000
2014-07-16,29.599857,29.605312,29.270579,29.288927,28816000
2014-07-17,29.207103,29.233387,28.606072,28.802944,58706000
2014-07-18,29.903346,30.086333,29.303801,30.007486,97432000
2014-07-21,29.821029,29.960378,29.478858,29.676723,44758000
2014-07-22,29.739204,30.194936,29.717383,29.931116,37632000
2014-07-23,29.855745,30.103696,29.82103,30.011457,22120000
2014-07-24,30.028317,30.195931,29.803673,29.903349,27100000
2014-07-25,29.716893,29.803676,29.543329,29.658873,27200000
2014-07-28,29.642504,29.80863,29.386617,29.705482,27162000
2014-07-29,29.640025,29.6792,29.36579,29.454062,27332000
2014-07-30,29.546304,29.677222,29.392078,29.527954,24302000
2014-07-31,29.206608,29.356866,28.647232,28.739965,46190000
2014-08-01,28.690373,28.932372,28.281254,28.444902,44266000
2014-08-04,28.589214,28.951717,28.378456,28.874853,30388000
2014-08-05,28.731537,28.772201,28.281754,28.422094,32876000
2014-08-06,28.241583,28.694836,28.139923,28.489038,26456000
2014-08-07,28.5664,28.678475,28.238114,28.356138,23260000
2014-08-08,28.366549,28.740459,28.217779,28.660122,29866000
2014-08-11,28.71269,28.746908,28.529205,28.625906,24068000
2014-08-12,28.51433,28.558961,28.261917,28.371511,27890000
2014-08-13,28.586233,29.066264,28.524245,28.988409,37988000
2014-08-14,29.094037,29.149082,28.807902,28.992874,25458000
2014-08-15,29.134206,29.231898,28.799969,28.946259,34468000
2014-08-18,29.114369,29.508612,29.087094,29.392075,29320000
2014-08-19,29.535392,29.645482,29.478364,29.610769,20864000
2014-08-20,29.602833,29.604817,29.406952,29.526464,19346000
2014-08-21,29.501173,29.51853,29.31273,29.378189,22640000
2014-08-22,29.420342,29.505637,29.248264,29.384142,17544000
2014-08-25,29.494727,29.534894,29.221484,29.286448,25912000
2014-08-26,29.357363,29.359843,29.131727,29.164953,29434000
2014-08-27,29.149577,29.226939,28.80691,28.911049,27292000
2014-08-28,28.763274,28.995853,28.657151,28.778152,28116000
2014-08-29,28.878817,28.906092,28.675002,28.879313,24122000
2014-09-02,28.908568,29.223467,28.881296,29.190241,31660000
2014-09-03,29.343971,29.480841,29.084616,29.234377,31580000
2014-09-04,29.363808,29.654901,29.287935,29.413893,32616000
2014-09-05,29.512584,29.679701,29.434231,29.643997,35982000
2014-09-08,29.711435,29.92864,29.655893,29.834913,31984000
2014-09-09,29.767476,29.783841,29.281988,29.355877,31424000
2014-09-10,29.344469,29.442658,29.116355,29.42778,23202000
2014-09-11,29.25818,29.35488,29.061803,29.313225,30028000
2014-09-12,29.277524,29.331576,28.924937,29.005274,37030000
2014-09-15,28.873362,28.956673,28.614006,28.843609,30908000
2014-09-16,28.809392,29.26562,28.809392,29.197681,31592000
2014-09-17,29.233882,29.559192,29.115362,29.421331,34390000
2014-09-18,29.508614,29.633085,29.407944,29.618704,29890000
2014-09-19,29.728788,30.021866,29.642997,30.021866,83832000
2014-09-22,29.87806,29.942527,29.412904,29.618704,35644000
2014-09-23,29.50613,29.587955,29.270081,29.316696,28074000
2014-09-24,29.336037,29.759536,29.273056,29.675728,35160000
2014-09-25,29.604819,29.658375,28.997338,29.022631,33420000
2014-09-26,29.056349,29.236859,29.010231,29.154043,25782000
2014-09-29,28.853026,29.22396,28.840133,29.149574,22874000
2014-09-30,29.133708,29.307769,28.985434,29.179331,31430000
2014-10-01,29.099492,29.194705,28.664089,28.743931,28954000
2014-10-02,28.663099,28.922952,28.467218,28.80592,30726000
2014-10-03,28.965599,29.173381,28.935844,29.072218,24290000
2014-10-06,29.2557,29.377198,29.030066,29.14809,25722000
2014-10-07,29.005272,29.052382,28.469698,28.469698,30914000
2014-10-08,28.503916,28.994859,28.149347,28.947748,44158000
2014-10-09,28.84212,28.887742,28.218276,28.306547,48234000
2014-10-10,28.140917,28.525735,27.523023,27.53195,59574000
2014-10-13,27.528972,27.814115,26.998357,27.014225,55116000
2014-10-14,27.28152,27.70254,27.001832,27.209614,52198000
2014-10-15,26.881822,26.973067,26.204421,26.814877,76720000
2014-10-16,26.134002,26.827767,26.032341,26.625937,76100000
2014-10-17,26.800989,26.949761,25.708023,25.934155,119930000
2014-10-20,25.809186,26.439479,25.744225,26.400797,54964000
2014-10-21,26.643294,26.717678,26.292691,26.680983,49190000
2014-10-22,26.830743,27.312263,26.790078,26.912071,59474000
2014-10-23,27.189281,27.641545,27.051421,27.455582,43026000
2014-10-24,27.521537,27.522528,27.034561,27.220028,43508000
2014-10-27,27.163493,27.472936,27.135723,27.268623,31934000
2014-10-28,27.359374,27.730803,27.295898,27.717911,34774000
2014-10-29,27.81263,28.016943,27.571126,27.693615,41066000
2014-10-30,27.683693,27.894451,27.380202,27.783865,32250000
2014-10-31,28.182077,28.2034,28.009006,28.160751,46810000
2014-11-03,27.945531,28.125047,27.851309,27.957432,30834000
2014-11-04,27.828003,28.008015,27.686176,27.97826,27726000
2014-11-05,28.107196,28.11265,27.480377,27.569639,32906000
2014-11-06,27.547322,27.61179,27.303338,27.358383,33014000
2014-11-07,27.552282,27.552282,27.242343,27.36483,31782000
2014-11-10,27.393594,27.80172,27.354913,27.682705,26090000
2014-11-11,27.697083,27.894451,27.584017,27.834448,21966000
2014-11-12,27.827507,27.832465,27.547321,27.683695,21882000
2014-11-13,27.810646,27.811142,27.4774,27.593937,30220000
2014-11-14,27.671297,27.671297,27.399048,27.53195,28502000
2014-11-17,27.531951,27.531951,26.998857,27.107956,33612000
2014-11-18,27.171927,27.412935,26.96712,27.002329,36440000
2014-11-19,27.014228,27.186306,26.738507,27.135725,30346000
2014-11-20,26.882316,27.045467,26.853059,26.965132,35016000
2014-11-21,27.326148,27.326148,27.026623,27.070759,50120000
2014-11-24,27.104482,27.333587,26.984473,27.149609,33076000
2014-11-25,27.136219,27.398551,27.121343,27.236391,38072000
2014-11-26,27.236392,27.268625,27.038031,27.162006,29604000
2014-11-28,27.125805,27.254738,27.000838,27.228952,24202000
2014-12-01,27.03109,27.214575,26.710242,26.76132,39888000
2014-12-02,26.751397,26.870414,26.51386,26.70875,41480000
2014-12-03,26.654698,26.848594,26.541136,26.628414,32476000
2014-12-04,26.661643,26.912074,26.525269,26.906618,32598000
2014-12-05,26.615026,26.689412,26.146897,26.187559,61402000
2014-12-08,26.244094,26.472208,26.134004,26.318975,64566000
2014-12-09,26.078461,26.612547,25.955973,26.585768,43322000
2014-12-10,26.575356,26.746938,26.158303,26.185577,46222000
2014-12-11,26.28327,26.631889,26.241119,26.387409,41426000
2014-12-12,26.155822,26.393855,25.859273,25.861753,47314000
2014-12-15,25.973332,26.053171,25.558759,25.580578,52352000
2014-12-16,25.469496,25.567684,24.655723,24.703825,86998000
2014-12-17,24.788128,25.244854,24.750935,25.114927,72788000
2014-12-18,25.588016,25.60091,25.12038,25.520079,77534000
2014-12-19,25.637608,25.827043,25.234441,25.788858,97442000
2014-12-22,25.817125,26.430059,25.816132,26.396833,66390000
2014-12-23,26.506425,26.892732,26.467249,26.717678,57544000
2014-12-24,26.720161,26.793058,26.535685,26.626436,14754000
2014-12-26,26.626435,26.939845,26.555025,26.854053,22270000
2014-12-29,26.80347,26.973565,26.637839,26.645277,44300000
2014-12-30,26.528741,26.671562,26.461796,26.544611,20972000
2014-12-31,26.666599,26.699329,26.29269,26.315502,24648000
2015-01-02,26.411708,26.570398,26.177643,26.26046,26480000
2015-01-05,26.141442,26.183098,25.675296,25.760094,41182000
2015-01-06,25.811664,25.846872,25.070292,25.124346,54456000
2015-01-07,25.338081,25.364858,24.976073,25.050457,46918000
2015-01-08,24.869948,25.166993,24.548107,25.137735,73054000
2015-01-09,25.200718,25.221546,24.728124,24.830774,42000000
2015-01-12,24.757383,24.808956,24.344297,24.649277,57138000
2015-01-13,24.922515,25.221544,24.659192,24.884331,60958000
2015-01-14,24.815897,25.204684,24.703824,25.089138,52800000
2015-01-15,25.235928,25.278575,24.894748,24.993929,51068000
2015-01-16,24.951278,25.333123,24.948303,25.313784,49658000
2015-01-20,25.428335,25.569171,25.259728,25.287994,46796000
2015-01-21,25.332625,25.878613,25.270637,25.806211,46356000
2015-01-22,25.935642,26.72115,25.88159,26.644781,56068000
2015-01-23,26.680981,27.046956,26.567916,26.875374,45966000
2015-01-26,26.853059,26.853059,26.385424,26.616018,30932000
2015-01-27,26.352198,26.420632,25.829517,25.845882,39148000
2015-01-28,26.034822,26.06904,25.407507,25.411474,35822000
2015-01-29,25.434784,25.548345,24.967644,25.451149,79018000
2015-01-30,25.737282,26.932404,25.696618,26.657179,121108000
2015-02-02,26.497004,26.605112,25.872169,26.391874,75378000
2015-02-03,26.279799,26.65222,26.124582,26.446423,47062000
2015-02-04,26.438485,26.617505,26.036308,26.089371,33896000
2015-02-05,26.180121,26.31699,26.06656,26.274343,33176000
2015-02-06,26.33286,26.789584,26.215828,26.475183,42938000
2015-02-09,26.33534,26.475185,26.161279,26.24707,30314000
2015-02-10,26.389391,26.828263,26.241613,26.786608,47430000
2015-02-11,26.765284,26.875374,26.580312,26.679493,38306000
2015-02-12,26.761811,27.192254,26.629902,27.07671,48590000
2015-02-13,27.151097,27.400536,27.10597,27.332102,47382000
2015-02-17,27.332103,27.423348,26.94034,27.027122,39174000
2015-02-18,26.968106,27.153078,26.756357,26.910086,31164000
2015-02-19,26.901162,27.118862,26.815866,27.09853,30834000
2015-02-20,27.154568,27.154568,26.684454,26.867937,38234000
2015-02-23,26.729083,26.743959,26.381952,26.530722,32906000
2015-02-24,26.359636,26.748918,26.332361,26.711727,28406000
2015-02-25,26.701317,27.253255,26.679992,27.142174,40836000
2015-02-26,27.063322,27.776923,27.031087,27.735268,54032000
2015-02-27,27.678739,28.237621,27.623198,27.900904,68328000
2015-03-02,28.11761,28.563424,27.926687,28.515322,50406000
2015-03-03,28.581277,28.804433,28.291175,28.702278,50526000
2015-03-04,28.612023,28.843113,28.391347,28.679466,37964000
2015-03-05,28.743439,28.92097,28.674508,28.833197,35918000
2015-03-06,28.861459,28.900139,28.368533,28.410189,37592000
2015-03-09,28.312001,28.536644,28.219267,28.469698,23478000
2015-03-10,28.191003,28.254479,27.761552,27.763041,40080000
2015-03-11,27.760561,27.977765,27.54286,27.556746,40524000
2015-03-12,27.695103,27.861725,27.548813,27.828501,35602000
2015-03-13,27.732291,27.986688,27.290939,27.423344,35428000
2015-03-16,27.618233,27.956437,27.340032,27.851803,36856000
2015-03-17,27.685676,27.802213,27.493268,27.651957,28892000
2015-03-18,27.65791,28.093313,27.448144,28.075956,35324000
2015-03-19,27.994626,28.115625,27.87561,27.952475,24660000
2015-03-20,28.103225,28.122564,27.99264,28.015945,44320000
2015-03-23,28.068019,28.248528,27.922225,28.036777,30234000
2015-03-24,28.193977,28.85551,28.171661,28.640289,79156000
2015-03-25,28.641774,28.76575,28.117607,28.117607,53070000
2015-03-26,28.001072,28.127032,27.686671,27.950985,49842000
2015-03-27,27.861226,27.972309,27.618235,27.648981,34552000
2015-03-30,27.782874,27.87759,27.611291,27.827007,24788000
2015-03-31,27.668317,27.891969,27.506158,27.507647,34932000
2015-04-01,27.514094,27.696089,27.077701,27.249283,38902000
2015-04-02,27.14614,27.175397,26.800495,26.843639,47760000
2015-04-06,26.721146,27.053401,26.565433,26.974552,33718000
2015-04-07,27.026129,27.282509,26.956703,27.019682,27318000
2015-04-08,27.076214,27.348962,27.076214,27.217051,28386000
2015-04-09,27.235402,27.243336,26.875376,27.176388,32366000
2015-04-10,27.253251,27.267137,27.025633,27.202173,26104000
2015-04-13,27.128288,27.436737,27.091095,27.207134,29326000
2015-04-14,27.104483,27.104483,26.567421,26.767765,47206000
2015-04-15,26.677513,26.936869,26.400303,26.83025,46962000
2015-04-16,26.69685,27.03803,26.684453,26.953232,31722000
2015-04-17,26.645277,26.768757,26.233184,26.41865,49234000
2015-04-20,26.468736,27.066298,26.448899,27.003317,38508000
2015-04-21,27.091588,27.16399,26.888269,26.923477,29128000
2015-04-22,26.93042,27.324165,26.844133,27.233912,31806000
2015-04-23,27.29491,27.8285,27.278545,27.64452,78184000
2015-04-24,28.764759,28.995353,28.184553,28.447878,92168000
2015-04-27,28.403742,28.540114,27.884533,28.073967,48062000
2015-04-28,27.984706,28.158769,27.818084,27.987186,37178000
2015-04-29,27.795769,28.060085,27.720889,27.839409,33622000
2015-04-30,27.699065,27.82552,27.111918,27.213577,47240000
2015-05-01,27.299867,27.335077,26.969597,27.332102,36572000
2015-05-04,27.32367,27.606334,27.145146,27.415413,35260000
2015-05-05,27.282511,27.404008,26.896204,26.92943,28528000
2015-05-06,26.909594,26.973567,26.393857,26.534693,39034000
2015-05-07,26.575354,27.036543,26.453859,26.879837,31844000
2015-05-08,27.218539,27.413427,27.176883,27.222506,28226000
2015-05-11,27.199691,27.441692,27.056377,27.065302,21858000
2015-05-12,26.918021,26.925461,26.530723,26.715694,35282000
2015-05-13,26.80198,26.969098,26.72809,26.753382,24238000
2015-05-14,26.975547,27.259204,26.90265,27.234903,31736000
2015-05-15,27.293915,27.304329,26.902648,27.100512,33440000
2015-05-18,26.96811,27.192257,26.890253,27.109442,26706000
2015-05-19,27.175394,27.443181,27.131756,27.238871,47126000
2015-05-20,27.320199,27.575588,27.031584,27.399048,30840000
2015-05-21,27.284495,27.651959,27.239864,27.612286,34170000
2015-05-22,27.495752,27.683204,27.454097,27.498728,24266000
2015-05-26,27.402517,27.43971,26.925956,27.135227,37474000
2015-05-27,27.209118,27.536908,27.104979,27.485334,34844000
2015-05-28,27.462524,27.560216,27.31425,27.481863,23544000
2015-05-29,27.433263,27.469961,27.028609,27.042494,43446000
2015-06-01,27.211598,27.302843,26.956209,27.235401,33210000
2015-06-02,27.147131,27.710476,27.103491,27.470459,31842000
2015-06-03,27.527485,27.670801,27.381195,27.536907,26710000
2015-06-04,27.382682,27.570134,27.230937,27.358383,26866000
2015-06-05,27.373755,27.43971,27.144648,27.251266,24396000
2015-06-08,27.255237,27.268131,26.924967,26.95125,27336000
2015-06-09,26.948273,27.018692,26.721646,26.88579,30016000
2015-06-10,27.061336,27.511615,27.032079,27.403507,30316000
2015-06-11,27.497236,27.514097,27.233416,27.27656,25872000
2015-06-12,27.133245,27.217547,27.057868,27.149115,25468000
2015-06-15,26.914053,26.979512,26.739497,26.927443,27150000
2015-06-16,27.000839,27.110431,26.856531,27.020178,32526000
2015-06-17,27.047454,27.193248,26.868434,27.10597,24440000
2015-06-18,27.175396,27.634104,27.175396,27.581043,41192000
2015-06-19,27.597902,27.666832,27.386649,27.647491,59290000
2015-06-22,27.741219,28.048677,27.716422,27.754606,34752000
2015-06-23,27.760064,28.013471,27.629146,27.938589,31396000
2015-06-24,27.893463,27.901397,27.612286,27.699564,28924000
2015-06-25,27.785353,27.926189,27.644517,27.668816,26684000
2015-06-26,27.756096,27.770477,27.366318,27.426321,43676000
2015-06-29,27.113407,27.319207,26.790575,26.840662,37756000
2015-06-30,27.031086,27.071254,26.75586,26.780657,34510000
2015-07-01,26.960174,27.066793,26.766773,26.942322,30760000
2015-07-02,27.013732,27.175396,26.955712,27.142668,28124000
2015-07-06,26.890251,27.204159,26.882813,27.057371,25614000
2015-07-07,27.14713,27.324166,26.771237,27.276064,33578000
2015-07-08,27.056381,27.189282,26.838183,26.862978,27662000
2015-07-09,27.207627,27.219032,27.007779,27.009266,29766000
2015-07-10,27.458555,27.735269,27.373757,27.577572,43436000
2015-07-13,27.746178,28.40771,27.706009,28.352169,41792000
2015-07-14,28.489535,29.243801,28.473169,28.969566,74832000
2015-07-15,28.947745,29.193216,28.772691,28.958654,41466000
2015-07-16,29.233387,29.977239,29.155034,29.842354,112642000
2015-07-17,33.721294,34.861869,33.622116,34.694252,257162000
2015-07-20,34.166621,34.604004,33.809076,34.358036,102436000
2015-07-21,33.963287,34.990794,33.927087,34.482498,75604000
2015-07-22,34.416546,35.374131,34.297531,34.470104,83100000
2015-07-23,34.308935,34.518208,33.304239,33.459953,76232000
2015-07-24,33.561116,33.611697,32.391284,32.470131,82622000
2015-07-27,32.311447,33.080095,32.310455,32.643703,58382000
2015-07-28,32.816774,32.932815,32.402697,32.712635,34364000
2015-07-29,32.84156,32.894622,32.37442,32.8004,36756000
2015-07-30,32.602543,33.128693,32.317397,32.955624,39606000
2015-07-31,32.962564,32.977441,32.590638,32.605515,34922000
2015-08-03,32.613451,33.060259,32.613451,32.963558,31348000
2015-08-04,32.944707,33.126209,32.754779,32.792961,26188000
2015-08-05,33.014637,33.716834,33.006208,33.38855,36448000
2015-08-06,33.423261,33.460948,32.765694,33.232834,40660000
2015-08-07,33.115302,33.165883,32.673455,32.947193,27544000
2015-08-10,33.081084,33.305728,32.740897,32.885204,34458000
2015-08-11,34.692272,34.911461,33.935526,34.232075,109880000
2015-08-12,34.439848,34.51473,33.74658,34.290089,58498000
2015-08-13,34.177525,34.417046,33.829404,34.044128,36354000
2015-08-14,33.921641,34.329271,33.865109,34.185955,27598000
2015-08-17,34.120003,34.452256,33.873044,34.421017,24680000
2015-08-18,34.270266,34.502841,33.98512,34.154224,27710000
2015-08-19,34.222653,34.723015,34.058509,34.417542,50194000
2015-08-20,34.172563,34.522666,33.487226,33.695503,57798000
2015-08-21,33.276964,33.368708,31.891416,31.937536,91880000
2015-08-24,29.783838,31.126739,29.411414,30.652161,129788000
2015-08-25,32.058538,32.084818,30.3328,30.372473,71430000
2015-08-26,31.891418,32.852477,31.260136,32.716599,87740000
2015-08-27,33.32407,33.422757,32.288134,33.124222,58974000
2015-08-28,33.015125,33.076617,32.419549,32.714115,38836000
2015-08-31,32.448812,32.948187,32.052589,32.125484,38936000
2015-09-01,31.430725,31.957868,30.996811,31.219967,51458000
2015-09-02,31.638511,31.988617,31.273528,31.981178,37630000
2015-09-03,32.130938,32.295577,31.430726,31.591398,34572000
2015-09-04,31.226912,31.464944,31.068223,31.190214,40478000
2015-09-08,31.787279,31.987623,31.3856,31.930099,39092000
2015-09-09,32.32682,32.598572,31.782317,31.906792,40978000
2015-09-10,31.931093,32.476584,31.821994,32.287151,27850000
2015-09-11,32.244007,32.496914,32.105151,32.496418,34892000
2015-09-14,32.512785,32.527166,32.208794,32.356079,29942000
2015-09-15,32.566342,33.168369,32.399224,32.980919,35546000
2015-09-16,33.004722,33.129688,32.838595,33.003235,26252000
2015-09-17,33.100926,33.819981,32.977446,33.308212,47752000
2015-09-18,32.980416,33.217459,32.730979,32.775116,72544000
2015-09-21,33.002731,33.1758,32.630309,33.075626,39094000
2015-09-22,32.604031,32.670979,31.987128,32.392281,54362000
2015-09-23,32.377399,32.743374,32.269787,32.39674,29160000
2015-09-24,32.182515,32.569317,31.845302,32.477077,38692000
2015-09-25,32.65907,32.65907,31.720824,31.745123,48480000
2015-09-28,31.690578,31.879023,30.638772,30.956644,47646000
2015-09-29,31.018633,31.47387,30.648196,30.875319,42130000
2015-09-30,31.332537,31.703472,31.199637,31.656858,52954000
2015-10-01,31.635535,31.928119,31.297331,31.83687,42506000
2015-10-02,31.639003,32.580719,31.415351,32.580223,48788000
2015-10-05,32.808838,33.375652,32.524684,33.308704,37960000
2015-10-06,33.193157,33.661784,32.882228,33.306721,42774000
2015-10-07,33.592357,33.658809,32.635763,33.225391,44354000
2015-10-08,33.198115,33.319117,32.456246,33.076618,39308000
2015-10-09,33.100921,33.428214,32.846524,33.286884,32124000
2015-10-12,33.18523,33.621126,33.088529,33.544262,26684000
2015-10-13,33.43665,34.14083,33.379619,33.878498,42446000
2015-10-14,33.906263,34.219175,33.666741,33.741623,31292000
2015-10-15,33.981643,34.423491,33.938996,34.366959,47156000
2015-10-16,34.484987,34.525651,34.17257,34.481018,36316000
2015-10-19,34.415559,34.725002,34.326792,34.710621,30172000
2015-10-20,34.608459,34.613914,33.407879,33.721291,52434000
2015-10-21,33.880478,33.964285,33.260106,33.314655,31952000
2015-10-22,33.495165,34.120497,33.309697,33.777828,88632000
2015-10-23,37.195581,37.316582,35.602746,35.671677,126726000
2015-10-26,35.705889,36.446272,35.705889,36.25634,48776000
2015-10-27,36.03071,36.496363,35.910208,36.340649,38778000
2015-10-28,36.349572,36.566279,36.065418,36.543964,39604000
2015-10-29,36.529587,37.033423,36.456688,36.937218,36520000
2015-10-30,36.97242,37.009612,36.524622,36.567268,39984000
2015-11-02,36.425443,37.102347,36.272702,37.080528,39914000
2015-11-03,36.965978,37.276907,36.754227,37.13409,36306000
2015-11-04,37.187646,37.683547,37.152933,37.455929,41840000
2015-11-05,37.629493,38.003405,37.563045,37.721733,45486000
2015-11-06,37.658262,37.838274,37.442047,37.767857,33544000
2015-11-09,37.615113,37.852156,37.148472,37.42915,35538000
2015-11-10,37.365176,37.718256,37.113755,37.602215,29798000
2015-11-11,37.806528,38.138781,37.676105,37.948853,41866000
2015-11-12,37.697429,37.976128,37.4832,37.516426,35452000
2015-11-13,37.392944,37.456915,36.670416,36.700172,48188000
2015-11-16,36.707119,37.277403,36.415526,37.213432,50704000
2015-11-17,37.315097,37.438081,36.897546,36.993256,38864000
2015-11-18,37.171279,37.743053,37.063171,37.688999,36266000
2015-11-19,37.677594,37.848681,37.55114,37.685532,28078000
2015-11-20,38.149694,38.646586,37.891827,38.531536,55478000
2015-11-23,38.554841,38.824115,38.358462,38.516655,34648000
2015-11-24,38.331193,38.481452,37.594779,38.166058,47880000
2015-11-25,38.268215,38.33318,38.01233,38.147713,23612000
2015-11-27,38.142753,38.38277,38.035637,38.282101,14434000
2015-11-30,38.277133,38.433839,37.744041,37.829834,33586000
2015-12-01,38.032659,38.928257,37.983565,38.868252,40398000
2015-12-02,38.940658,39.327461,38.503271,38.573692,46876000
2015-12-03,38.70808,38.902473,37.810004,38.095146,41950000
2015-12-04,38.170024,38.800312,37.961746,38.641129,49800000
2015-12-07,38.683282,38.729898,38.02175,38.332684,36626000
2015-12-08,37.91166,38.613361,37.813472,38.439301,31082000
2015-12-09,38.238958,38.486413,37.29228,37.81496,46550000
2015-12-10,37.86653,37.989514,37.44055,37.690483,32458000
2015-12-11,37.143015,37.561557,37.125657,37.213432,43184000
2015-12-14,37.255092,37.89431,36.51124,37.814468,53864000
2015-12-15,38.074813,38.41996,37.589327,37.69297,49386000
2015-12-16,38.014311,38.754694,37.542215,38.511204,53120000
2015-12-17,38.737834,38.759157,38.149696,38.17598,36510000
2015-12-18,38.047042,38.389711,37.519401,37.532295,67794000
2015-12-21,37.839757,38.003405,37.398405,37.72818,34848000
2015-12-22,37.900254,38.201264,37.748013,38.04208,36338000
2015-12-23,38.218623,38.278628,37.571967,38.110516,30594000
2015-12-24,38.111012,38.144733,37.906207,37.978111,10412000
2015-12-28,38.184407,38.820151,38.071838,38.791389,31156000
2015-12-29,39.026935,39.607143,38.987762,39.372581,38430000
2015-12-30,39.372584,39.49656,39.037354,39.191082,28566000
2015-12-31,39.068104,39.093396,38.54741,38.581627,32752000
2016-01-04,37.797602,37.797602,37.070608,37.660732,67382000
2016-01-05,37.891826,38.144733,37.472789,37.764378,45216000
2016-01-06,37.210955,37.972658,37.093427,37.655281,48206000
2016-01-07,37.01854,37.455923,36.462633,36.746288,63132000
2016-01-08,37.083501,37.198551,36.147239,36.245926,47506000
2016-01-11,36.297498,36.452717,35.683077,36.353039,50896000
2016-01-12,36.733887,37.110278,36.519658,36.961506,46816000
2016-01-13,37.159868,37.34137,35.545215,35.683571,51728000
2016-01-14,35.925078,36.691245,34.961046,36.26973,55558000
2016-01-15,35.208495,35.911187,34.787971,35.233292,76676000
2016-01-19,35.712338,35.970208,35.20156,35.659275,48724000
2016-01-20,35.005677,36.049551,34.107106,35.633492,82440000
2016-01-21,35.713331,36.581158,35.264045,36.035667,51938000
2016-01-22,36.795878,37.121193,36.721496,36.967461,47146000
2016-01-25,36.887138,37.314605,36.324785,36.380325,45340000
2016-01-26,36.459165,36.669921,36.05054,36.388744,30940000
2016-01-27,36.492888,36.492888,35.380088,35.584896,42428000
2016-01-28,36.606942,37.250125,36.230552,37.108299,62104000
2016-01-29,37.14103,37.94191,36.904978,37.755451,75808000
2016-02-01,38.246892,38.5608,37.756942,38.222595,111522000
2016-02-02,39.696908,40.185371,38.710061,38.725437,135846000
2016-02-03,38.991735,39.247124,36.511237,37.161861,131114000
2016-02-04,36.924323,36.956557,35.833837,36.20229,104922000
2016-02-05,35.977651,36.038148,34.720043,34.899559,109556000
2016-02-08,34.102141,34.937242,33.820964,34.919388,89410000
2016-02-09,34.363484,35.752505,34.142808,34.763676,84300000
2016-02-10,35.297765,35.864579,34.980388,35.052788,60314000
2016-02-11,34.531603,35.324053,34.276214,35.028496,65004000
2016-02-12,35.31859,35.506535,34.791445,35.054771,46538000
2016-02-16,35.637957,35.847725,35.217928,35.587872,43444000
2016-02-17,36.052029,36.387259,35.53679,36.298492,49154000
2016-02-18,36.397181,36.498342,35.484225,35.581421,47276000
2016-02-19,35.501576,35.904746,35.363716,35.809532,34918000
2016-02-22,36.176501,36.441314,35.875987,36.15369,37516000
2016-02-23,36.007398,36.245429,35.490174,35.570507,41332000
2016-02-24,35.239241,35.765395,34.813265,35.749523,37092000
2016-02-25,35.850193,36.176495,35.369168,36.157158,36146000
2016-02-26,36.379326,36.506275,35.801104,35.945908,42474000
2016-02-29,35.754486,36.23055,35.54819,35.567036,45068000
2016-03-01,35.769365,36.812248,35.637456,36.804314,60112000
2016-03-02,36.83903,36.851425,36.36197,36.670918,36292000
2016-03-03,36.670915,36.746292,36.182452,36.279648,40534000
2016-03-04,36.438835,36.448751,35.983594,36.211712,48516000
2016-03-07,35.960289,36.062446,34.967991,35.347851,61690000
2016-03-08,35.129163,35.816483,34.911464,35.384056,52530000
2016-03-09,35.465379,36.014343,35.340908,35.973183,39544000
2016-03-10,36.091204,36.525118,35.86805,36.308411,44616000
2016-03-11,36.694224,36.939693,36.533054,36.938206,35380000
2016-03-14,36.943169,37.403862,36.878204,37.20451,32824000
2016-03-15,36.995235,37.341873,36.837538,37.220871,29832000
2016-03-16,37.145492,37.638915,37.019039,37.557587,29306000
2016-03-17,37.571973,37.953319,37.557592,37.613132,44564000
2016-03-18,37.769336,37.794624,37.282855,37.460884,56222000
2016-03-21,37.386499,37.854134,37.255581,37.79562,28774000
2016-03-22,37.611145,37.936455,37.583375,37.690983,22096000
2016-03-23,37.854629,37.955794,37.491628,37.567501,24678000
2016-03-24,37.25211,37.5675,37.217397,37.432617,31116000
2016-03-28,37.498571,37.604201,37.293767,37.355259,21676000
2016-03-29,37.375091,38.044561,37.107803,37.980587,40062000
2016-03-30,38.095642,38.546914,38.064402,38.102089,40396000
2016-03-31,38.102083,38.138779,37.601717,37.832314,32554000
2016-04-01,37.547673,38.186391,37.450473,38.168045,31674000
2016-04-04,38.160104,38.305407,37.77727,37.942406,26924000
2016-04-05,37.595773,37.83083,37.470307,37.617592,24478000
2016-04-06,37.581391,38.106058,37.505022,38.088699,25312000
2016-04-07,37.952317,38.152661,37.564524,37.69445,25498000
2016-04-08,37.9796,38.042084,37.478743,37.662224,23434000
2016-04-11,37.958771,38.046547,37.556597,37.566513,31774000
2016-04-12,37.610652,37.93249,37.270462,37.902737,27388000
2016-04-13,38.199779,38.469549,37.916124,38.279125,35426000
2016-04-14,38.450215,38.660971,38.34409,38.451702,26992000
2016-04-15,38.457148,38.726422,38.428878,38.680302,31712000
2016-04-18,38.689727,39.104303,38.561786,39.061157,33540000
2016-04-19,39.201012,39.223326,38.197802,38.49435,43952000
2016-04-20,38.638651,38.663447,38.247384,38.428387,34262000
2016-04-21,38.546906,38.763613,38.261264,38.680302,77628000
2016-04-22,36.890603,37.387,36.219155,36.586121,140798000
2016-04-25,36.46611,36.938702,36.453712,36.806297,49442000
2016-04-26,36.915891,36.973909,35.720766,35.971199,55864000
2016-04-27,35.968721,36.05947,35.163376,35.777306,66262000
2016-04-28,35.868055,36.164108,34.871787,34.964024,62590000
2016-04-29,34.917412,35.313635,34.900549,35.10387,58278000
2016-05-02,35.304213,35.477282,35.028492,35.427692,33476000
2016-05-03,35.332973,35.376115,35.076592,35.131638,38620000
2016-05-04,35.048825,35.459429,34.913938,35.276939,34172000
2016-05-05,35.456951,35.583404,35.181725,35.44257,29668000
2016-05-06,35.318098,36.001945,35.3057,35.961777,39952000
2016-05-09,36.037152,36.413542,35.878463,36.157658,38074000
2016-05-10,36.446769,36.696703,36.280643,36.665958,32634000
2016-05-11,36.722491,36.736377,36.096663,36.228077,29834000
2016-05-12,36.299979,36.467101,35.91665,36.105091,27094000
2016-05-13,36.033187,36.26477,35.878959,35.94442,25244000
2016-05-16,35.919127,36.333699,35.704898,36.215675,22538000
2016-05-17,36.253376,36.490911,35.605729,35.714329,33404000
2016-05-18,35.63051,35.981113,35.457937,35.793167,32536000
2016-05-19,35.620601,35.7297,35.224374,35.472324,30598000
2016-05-20,35.529354,36.086744,35.457447,35.7897,34798000
2016-05-23,35.70391,35.878466,35.553155,35.568527,24816000
2016-05-24,35.697461,36.409078,35.68754,36.351059,37884000
2016-05-25,36.44875,36.691245,36.329735,36.602478,32216000
2016-05-26,36.498344,36.751255,36.349576,36.544464,27202000
2016-05-27,36.573216,37.088954,36.548419,37.073582,34802000
2016-05-31,37.131114,37.365179,36.972921,37.135578,42484000
2016-06-01,37.116741,37.260553,36.911933,37.116245,20788000
2016-06-02,36.999204,37.058714,36.547932,36.908455,33916000
2016-06-03,36.770588,36.770588,36.394693,36.491394,24608000
2016-06-06,36.622315,36.622315,36.116002,36.203773,29992000
2016-06-07,36.36296,36.533547,36.240471,36.254852,24314000
2016-06-08,36.671908,36.885641,36.48694,36.842003,32314000
2016-06-09,36.551401,36.891588,36.523135,36.821667,19180000
2016-06-10,36.495863,36.678848,36.226093,36.358994,29050000
2016-06-13,36.191881,36.647118,36.191881,36.294037,23354000
2016-06-14,36.166581,36.498339,36.027234,36.361965,26584000
2016-06-15,36.444777,36.555363,36.265757,36.309399,23234000
2016-06-16,36.099634,36.22014,35.483726,35.915657,45002000
2016-06-17,35.773832,35.773832,34.76864,34.923859,82262000
2016-06-20,35.224369,35.50009,34.981378,35.017082,45654000
2016-06-21,35.211476,35.475794,34.944189,35.153458,30318000
2016-06-22,35.409837,35.417771,35.004685,35.232304,29058000
2016-06-23,35.236271,35.450996,34.725494,35.4505,42500000
2016-06-24,34.225624,34.961047,33.96478,33.97916,95436000
2016-06-27,33.844776,33.886432,33.357304,33.777828,58146000
2016-06-28,34.285134,34.353073,33.961806,34.279678,38246000
2016-06-29,34.428455,34.688305,34.3501,34.474571,43124000
2016-06-30,34.596561,34.900052,34.460187,34.888149,42250000
2016-07-01,34.966005,35.334458,34.898066,35.221394,30984000
2016-07-05,34.961548,35.115772,34.669959,34.955597,28440000
2016-07-06,34.705158,35.357765,34.663503,35.157917,28902000
2016-07-07,35.214454,35.217428,34.746323,35.07312,21174000
2016-07-08,35.236773,35.600766,35.115276,35.594814,29946000
2016-07-11,35.676139,36.14774,35.648865,36.061951,28822000
2016-07-12,36.296011,36.4785,36.076821,36.325268,26468000
2016-07-13,36.474541,36.474541,36.152204,36.175014,20436000
2016-07-14,36.396182,36.505281,36.230056,36.488422,21408000
2016-07-15,36.746292,36.746292,36.430898,36.479996,32342000
2016-07-18,36.593059,37.447497,36.523633,37.351292,38698000
2016-07-19,37.186155,37.519399,37.11772,37.361706,30436000
2016-07-20,37.393439,37.72024,37.393439,37.543697,22502000
2016-07-21,37.539729,37.59676,37.267977,37.411293,19062000
2016-07-22,37.555605,37.661231,37.324514,37.652802,20920000
2016-07-25,37.573455,37.67958,37.394435,37.565521,21466000
2016-07-26,37.565517,37.651806,37.328974,37.571964,23792000
2016-07-27,37.637426,37.909178,37.486671,37.786194,32172000
2016-07-28,38.126883,38.13333,37.643376,37.978111,73464000
2016-07-29,39.558554,39.867497,39.176212,39.242664,101810000
2016-08-01,39.011071,40.043538,38.930238,39.718723,60594000
2016-08-02,39.539706,39.787161,39.400855,39.678062,39928000
2016-08-03,39.497064,39.649305,39.325977,39.618557,29206000
2016-08-04,39.58483,39.682026,39.370601,39.535736,21520000
2016-08-05,39.677562,40.030147,39.563503,40.015766,36146000
2016-08-08,39.969655,40.049001,39.755922,39.931473,24426000
2016-08-09,39.894769,40.333147,39.873445,40.043045,32154000
2016-08-10,40.021716,40.211644,39.993946,40.093124,18370000
2016-08-11,40.191319,40.360423,39.969652,40.078751,25646000
2016-08-12,39.924528,40.028667,39.852621,40.021725,17946000
2016-08-15,40.029658,40.235458,39.871961,39.96767,18596000
2016-08-16,39.845676,39.883366,39.523339,39.731125,21158000
2016-08-17,39.672109,39.951303,39.488624,39.940887,21322000
2016-08-18,39.93791,40.068828,39.752939,39.808479,17292000
2016-08-19,39.661697,39.733109,39.517394,39.654755,22416000
2016-08-22,39.598218,39.637396,39.390932,39.520859,17056000
2016-08-23,39.695912,39.721699,39.473253,39.503006,18350000
2016-08-24,39.516395,39.595741,39.213894,39.354733,25672000
2016-08-25,39.275382,39.410269,39.038839,39.240669,24054000
2016-08-26,39.299688,39.642357,39.146951,39.335888,24978000
2016-08-29,39.32746,39.598716,39.192077,39.464825,15474000
2016-08-30,39.319023,39.572925,39.149919,39.271416,23348000
2016-08-31,39.156368,39.25406,39.037352,39.168766,21428000
2016-09-01,39.274394,39.319523,38.994212,39.245632,26070000
2016-09-02,39.437549,39.528299,39.337871,39.516891,26998000
2016-09-06,39.592272,40.212149,39.445487,40.069828,39790000
2016-09-07,40.065359,40.197764,39.856586,40.068336,22906000
2016-09-08,39.930974,40.089662,39.722197,39.812946,23554000
2016-09-09,39.611116,39.758897,39.07951,39.100834,37752000
2016-09-12,38.904455,39.680538,38.853871,39.613594,37274000
2016-09-13,39.375067,39.463338,38.895034,39.112736,36180000
2016-09-14,39.053718,39.490113,39.053718,39.199017,25842000
2016-09-15,39.176706,39.853115,39.109759,39.733109,31144000
2016-09-16,39.623509,39.623509,39.355722,39.571438,42612000
2016-09-19,39.727159,39.86998,39.352755,39.443504,22990000
2016-09-20,39.672109,39.808483,39.58582,39.661198,20984000
2016-09-21,39.734596,39.965193,39.475239,39.921551,26970000
2016-09-22,40.168012,40.617298,40.054452,40.463074,35186000
2016-09-23,40.422904,40.51514,40.303393,40.413979,28234000
2016-09-26,40.159087,40.171981,39.694425,39.803524,29454000
2016-09-27,39.76286,40.341081,39.76286,40.204212,27346000
2016-09-28,39.874437,40.180411,39.809972,40.170986,29406000
2016-09-29,40.030647,40.361908,39.714757,39.803028,27000000
2016-09-30,39.850633,40.073292,39.746494,39.873444,33204000
2016-10-03,39.798561,39.847654,39.485153,39.690952,29784000
2016-10-04,39.920065,39.994451,39.655751,39.810471,25174000
2016-10-05,39.969652,40.093628,39.707321,39.733109,24276000
2016-10-06,39.874434,40.016759,39.6974,39.824844,21998000
2016-10-07,39.966179,39.966675,39.514412,39.707317,23262000
2016-10-10,39.866998,40.533986,39.783191,40.374802,29922000
2016-10-11,40.374808,40.656976,40.037595,40.146694,34432000
2016-10-12,40.265208,40.391165,40.096107,40.255787,18158000
2016-10-13,39.973126,39.997423,39.603678,39.874439,27380000
2016-10-14,40.041556,40.172474,39.787159,39.900223,22238000
2016-10-17,39.969159,40.341085,39.862047,40.011311,21128000
2016-10-18,40.376782,41.100798,40.333144,40.737801,45786000
2016-10-19,40.80673,41.149895,40.80673,41.003105,30002000
2016-10-20,41.038806,41.083935,40.691181,40.74474,27878000
2016-10-21,40.663918,40.87666,40.580112,40.865253,32316000
2016-10-24,41.164273,41.553553,41.112201,41.444454,28952000
2016-10-25,41.581333,41.581333,40.926743,41.087914,37814000
2016-10-26,41.016989,41.04625,40.482906,40.768047,35898000
2016-10-27,40.813179,40.990213,40.396619,40.532497,59470000
2016-10-28,41.156836,41.606122,40.515137,40.64209,87098000
2016-10-31,40.784415,40.794335,40.068833,40.163052,44854000
2016-11-01,40.211151,40.364387,39.585818,39.943859,47118000
2016-11-02,40.007345,40.007345,38.928263,39.097862,47014000
2016-11-03,38.903461,39.176208,38.612368,38.78891,43504000
2016-11-04,38.248874,39.100834,38.233998,38.734859,39412000
2016-11-07,39.421683,39.920063,39.320022,39.772781,39852000
2016-11-08,39.772774,40.467528,39.653259,40.266193,35382000
2016-11-09,39.762855,40.252805,39.27737,39.949314,61970000
2016-11-10,40.16801,40.170984,38.096629,38.694687,118192000
2016-11-11,38.522115,38.545917,37.963235,38.271191,71852000
2016-11-14,38.271683,38.272674,36.874728,37.35228,73766000
2016-11-15,37.959767,38.692216,37.947372,38.440296,58878000
2016-11-16,38.205239,38.853877,38.002417,38.679321,35968000
2016-11-17,38.804284,39.121661,38.67287,38.985783,30674000
2016-11-18,39.035872,39.240181,38.449717,38.480461,36126000
2016-11-21,38.586086,39.005123,38.496823,38.918343,32616000
2016-11-22,39.126126,39.363166,38.865777,38.928261,27884000
2016-11-23,39.1524,39.1524,38.315812,38.630711,26260000
2016-11-25,38.809739,38.82412,38.59055,38.691715,12270000
2016-11-28,38.598482,39.659215,38.586083,38.967434,51508000
2016-11-29,39.095871,39.495567,38.945116,39.148438,31240000
2016-11-30,39.131575,39.251086,38.340612,38.47599,45582000
2016-12-01,38.608407,38.610885,37.359229,37.903233,57342000
2016-12-02,37.782726,38.209202,37.638915,37.909676,34376000
2016-12-05,38.184411,38.680312,38.034152,38.592041,33770000
2016-12-06,38.689728,38.942144,38.349046,38.490871,34682000
2016-12-07,38.677829,39.275387,38.359457,39.249107,40588000
2016-12-08,39.322493,39.622515,39.07256,39.432583,32250000
2016-12-09,39.6374,40.165536,39.575412,40.140739,38090000
2016-12-12,39.911136,40.23496,39.896756,40.063873,32572000
2016-12-13,40.286529,40.877149,40.264215,40.432819,42564000
2016-12-14,40.461585,40.875166,40.30587,40.559277,35994000
2016-12-15,40.532991,40.81268,40.267186,40.448193,35394000
2016-12-16,40.580109,40.624242,40.074783,40.16008,51978000
2016-12-19,40.132305,40.476461,39.895262,40.291985,25272000
2016-12-20,40.335135,40.489858,40.217607,40.425884,25438000
2016-12-21,40.451667,40.451667,39.925022,40.277111,29192000
2016-12-22,40.123376,40.221068,39.971131,40.152138,22632000
2016-12-23,40.069326,40.216112,39.925514,40.05891,15310000
2016-12-27,40.102548,40.465549,39.959731,40.164536,19520000
2016-12-28,40.333152,40.333152,39.793117,39.898743,24296000
2016-12-29,39.787655,39.957251,39.579873,39.81493,21148000
2016-12-30,39.831295,39.835264,39.157364,39.297707,34718000
2017-01-03,39.702854,40.23942,39.517886,40.069328,39180000
2017-01-04,40.162557,40.338108,39.875928,40.057426,30306000
2017-01-05,40.044037,40.35348,39.965686,40.317776,26810000
2017-01-06,40.415467,41.108242,40.242397,40.922279,40342000
2017-01-09,40.979797,41.181133,40.744245,41.019966,28178000
2017-01-10,41.014515,41.130557,40.819627,40.961948,23948000
2017-01-11,40.992199,41.154853,40.73681,41.15287,26508000
2017-01-12,41.079474,41.178656,40.713995,41.136505,26990000
2017-01-13,41.209398,41.390401,41.136008,41.206425,25804000
2017-01-17,41.159817,41.168742,40.822604,41.033859,28818000
2017-01-18,41.149899,41.150395,40.866241,41.111217,20554000
2017-01-19,41.11022,41.308581,40.860287,40.880615,21410000
2017-01-20,41.114686,41.122128,40.892027,41.069065,26124000
2017-01-23,41.239656,41.930446,41.095349,41.875401,49148000
2017-01-24,42.001854,42.226994,41.76878,42.128311,33768000
2017-01-25,42.327661,42.587511,42.138721,42.570652,33108000
2017-01-26,42.600409,42.69711,42.177407,42.497757,69866000
2017-01-27,42.597931,42.99465,41.74994,41.905155,75050000
2017-01-30,41.50992,41.51835,40.714988,40.853844,70338000
2017-01-31,40.639119,40.816157,40.336619,40.673336,40404000
2017-02-01,40.862273,40.862273,40.279588,40.427864,45020000
2017-02-02,40.415963,40.890046,40.269673,40.577625,33784000
2017-02-03,40.819132,40.967901,40.631679,40.670361,30562000
2017-02-06,40.709538,40.782434,40.380755,40.744251,27018000
2017-02-07,40.93666,41.255028,40.827065,41.121628,33332000
2017-02-08,41.186097,41.370573,40.917318,41.153862,26044000
2017-02-09,41.245608,41.258006,40.986254,41.162792,23884000
2017-02-10,41.306099,41.514377,41.185102,41.400322,28302000
2017-02-13,41.541662,41.742009,41.469758,41.604149,25914000
2017-02-14,41.644314,41.754899,41.44893,41.657207,27266000
2017-02-15,41.596706,41.743496,41.46827,41.52282,27144000
2017-02-16,41.581331,41.789113,41.519839,41.763329,20102000
2017-02-17,41.72068,41.999874,41.644807,41.980534,29224000
2017-02-21,42.051943,42.260716,41.980531,42.115417,25206000
2017-02-22,42.052433,42.339557,41.988459,42.219055,24488000
2017-02-23,42.205183,42.281551,41.779698,42.201214,27734000
2017-02-24,42.035084,42.070293,41.802506,42.043018,26924000
2017-02-27,41.901192,42.184847,41.804987,42.135258,20206000
2017-02-28,42.020203,42.093597,41.727123,41.900192,27662000
2017-03-01,42.220047,42.548335,42.103014,42.486347,36374000
2017-03-02,42.464527,42.473456,42.08814,42.144176,25018000
2017-03-03,42.099049,42.19228,41.889284,42.105991,20100000
2017-03-06,41.995903,42.099051,41.713735,42.016235,20958000
2017-03-07,42.015735,42.316749,41.929451,42.208641,20774000
2017-03-08,42.306335,42.495276,42.213603,42.332123,20576000
2017-03-09,42.33461,42.68273,42.284025,42.540405,26954000
2017-03-10,42.781412,42.857285,42.529,42.717442,26732000
2017-03-13,42.688678,43.001095,42.688183,42.874641,23332000
2017-03-14,42.833481,43.023413,42.653965,42.940598,21234000
2017-03-15,43.041261,43.137466,42.711982,43.063576,26658000
2017-03-16,43.169701,43.277808,43.020433,43.143417,22090000
2017-03-17,43.32591,43.362609,43.062587,43.260948,37366000
2017-03-20,43.117635,43.160282,42.879109,43.03978,30844000
2017-03-21,43.146392,43.315496,42.037061,42.158558,50760000
2017-03-22,42.125833,42.41693,42.002849,42.141705,27334000
2017-03-23,41.724648,41.739524,41.308588,41.638359,65754000
2017-03-24,41.754894,41.854077,41.115185,41.414707,42114000
2017-03-27,41.0651,41.724154,40.877154,41.581829,38692000
2017-03-28,41.640347,41.923506,41.272385,41.686962,30384000
2017-03-29,41.792091,42.230466,41.724152,42.145172,29146000
2017-03-30,42.249811,42.250802,41.991448,42.125835,18988000
2017-03-31,41.994416,42.129799,41.915569,42.042519,28820000
2017-04-03,42.089625,42.597924,42.029124,42.486347,39388000
2017-04-04,42.052437,42.300388,42.028136,42.279064,26970000
2017-04-05,42.385188,42.676777,42.028634,42.097565,37104000
2017-04-06,42.126821,42.329646,41.854077,41.908627,30672000
2017-04-07,41.903665,41.947303,41.521823,41.759853,22232000
2017-04-10,41.732087,41.989958,41.694896,41.740021,20924000
2017-04-11,41.740019,41.885317,41.387929,41.649765,19486000
2017-04-12,41.579343,41.840188,41.536201,41.728115,22716000
2017-04-13,41.707281,41.840681,41.549093,41.664635,21474000
2017-04-17,41.724153,42.43131,41.706795,42.406017,20982000
2017-04-18,42.277579,42.518092,42.213609,42.349487,18724000
2017-04-19,42.518091,42.657438,42.326672,42.474453,21606000
2017-04-20,42.634623,42.842405,42.523541,42.651485,23776000
2017-04-21,42.678259,42.768517,42.534947,42.595444,23458000
2017-04-24,43.066063,43.637342,42.950517,43.586262,33930000
2017-04-25,43.751396,44.246802,43.603619,44.077702,40760000
2017-04-26,44.204148,44.283494,43.894706,44.092571,26466000
2017-04-27,44.135226,44.30284,43.995383,44.206635,46846000
2017-04-28,46.069239,46.411409,45.782607,45.847076,76918000
2017-05-01,45.828726,46.407443,45.662599,46.258671,46556000
2017-05-02,46.280992,46.763008,46.16842,46.470425,35026000
2017-05-03,46.418851,47.120548,46.377196,47.033768,36496000
2017-05-04,47.125011,47.563885,46.980208,47.344696,38752000
2017-05-05,47.443875,47.529172,47.016408,47.124516,32310000
2017-05-08,46.984179,47.655628,46.981697,47.541573,37534000
2017-05-09,47.672491,47.715634,47.328831,47.443382,33758000
2017-05-10,47.419082,47.443379,47.102696,47.350647,22920000
2017-05-11,47.1746,47.506856,47.041699,47.402714,20622000
2017-05-12,47.499915,47.506359,47.212787,47.365524,24298000
2017-05-15,47.37296,47.740422,47.250472,47.567848,26754000
2017-05-16,47.782577,47.89911,47.623889,47.83514,22030000
2017-05-17,47.591658,47.655628,46.617705,46.722343,48982000
2017-05-18,46.773423,47.317923,46.677714,47.135433,36010000
2017-05-19,47.250475,47.584715,47.209811,47.341225,27206000
2017-05-22,47.457758,47.845556,47.435939,47.808361,27748000
2017-05-23,48.100446,48.326079,47.829682,48.129704,30908000
2017-05-24,48.363279,48.505105,48.183268,48.479816,22660000
2017-05-25,48.548747,49.38087,48.490229,49.186474,39082000
2017-05-26,49.193415,49.411117,48.963318,49.256397,32728000
2017-05-30,49.218217,49.472119,49.161685,49.400211,30324000
2017-05-31,49.402195,49.570304,48.681649,48.949932,34482000
2017-06-01,49.141846,49.249954,48.662308,49.009441,26128000
2017-06-02,49.024315,49.415582,48.948938,49.397728,34710000
2017-06-05,49.485506,49.957107,49.364505,49.782551,27578000
2017-06-06,49.754283,50.01711,49.332272,49.425499,31042000
2017-06-07,49.545013,49.784039,49.385334,49.664528,27482000
2017-06-08,49.799905,49.867844,49.422527,49.802387,33758000
2017-06-09,49.862384,49.862879,47.277743,48.108379,72958000
2017-06-12,47.543053,48.00325,46.456036,47.696285,84042000
2017-06-13,48.2036,48.494693,47.706208,48.127232,40108000
2017-06-14,48.375178,48.583456,47.582228,47.999779,30110000
2017-06-15,47.012445,47.640256,46.633081,47.615459,48552000
2017-06-16,47.502889,47.604054,47.046165,47.538097,51184000
2017-06-19,48.085073,48.56362,48.013169,48.361294,29376000
2017-06-20,48.365757,48.637513,48.013172,48.052349,25946000
2017-06-21,48.141609,48.576019,48.075157,48.528412,23232000
2017-06-22,48.44312,48.623135,48.266581,48.430725,20190000
2017-06-23,48.375186,48.926628,48.32361,48.900345,31280000
2017-06-26,49.094229,49.292095,48.11879,48.20607,30358000
2017-06-27,47.68588,47.964575,46.966326,47.015915,48872000
2017-06-28,47.143356,47.767198,46.424297,47.656612,54912000
2017-06-29,47.177579,47.192951,46.098992,46.506622,64134000
2017-06-30,46.812601,46.862686,46.099493,46.102966,45754000
2017-07-03,46.278506,46.32909,45.390346,45.596146,33896000
2017-07-05,45.831207,46.430752,45.554991,46.230904,41882000
2017-07-06,45.870876,46.42331,45.615487,46.004272,40298000
2017-07-07,46.167923,46.845823,46.108414,46.6549,33266000
2017-07-10,46.711427,47.265847,46.711427,47.160217,29030000
2017-07-11,47.136419,47.353126,46.868632,47.285683,29224000
2017-07-12,47.64918,48.084085,47.459747,47.986393,32042000
2017-07-13,48.142107,48.53387,47.844567,48.045406,30492000
2017-07-14,48.300791,48.476339,48.109868,48.445099,21592000
2017-07-17,48.415841,48.764458,48.142103,48.397987,33210000
2017-07-18,48.269055,49.136387,48.203598,48.942986,28266000
2017-07-19,49.094732,49.37194,48.945961,49.231602,28242000
2017-07-20,49.441369,49.52468,48.827443,49.202843,28368000
2017-07-21,49.044647,49.347643,48.805126,49.284664,29266000
2017-07-24,49.297563,49.897108,49.107631,49.506336,79690000
2017-07-25,48.137144,48.436171,47.794971,48.054329,118672000
2017-07-26,48.240301,48.29832,47.617946,47.869862,44432000
2017-07-27,48.061771,48.078634,46.468937,47.235104,74358000
2017-07-28,47.010956,47.695298,46.878051,47.523716,36276000
2017-07-31,47.606533,47.665547,46.70052,46.887478,45670000
2017-08-01,47.002024,47.333286,46.860695,46.940037,28052000
2017-08-02,47.029803,47.066006,46.243799,46.993603,40788000
2017-08-03,47.066,47.110629,46.586958,46.629604,22478000
2017-08-04,46.810607,46.988636,46.604811,46.901855,25092000
2017-08-07,46.987651,47.059063,46.788299,46.899876,28916000
2017-08-08,46.827466,47.234105,46.737708,46.822506,30102000
2017-08-09,46.537861,46.801184,46.313217,46.618694,28018000
2017-08-10,46.366776,46.431242,45.711195,45.800953,54148000
2017-08-11,45.806906,46.285449,45.683426,46.123291,32334000
2017-08-14,46.568611,46.666303,46.341488,46.561668,23012000
2017-08-15,46.665806,46.766971,46.448108,46.519516,22130000
2017-08-16,46.676721,47.105675,46.616716,46.826485,26906000
2017-08-17,46.761018,46.803664,46.001793,46.002785,33914000
2017-08-18,45.969063,46.169407,45.794011,45.92939,26748000
2017-08-21,45.909067,46.032048,45.553505,45.666073,26024000
2017-08-22,45.968071,46.711923,45.928894,46.634563,35502000
2017-08-23,46.46596,46.884006,46.378684,46.742676,22690000
2017-08-24,46.798707,46.927639,46.155521,46.460503,25892000
2017-08-25,46.575547,46.650924,46.123783,46.14362,23746000
2017-08-28,46.212059,46.359341,45.925923,46.026096,20988000
2017-08-29,45.620448,46.52497,45.588708,46.403969,23172000
2017-08-30,46.400006,46.905328,46.319669,46.794743,22406000
2017-08-31,46.927145,47.46768,46.924667,47.370483,33866000
2017-09-01,47.481065,47.523711,47.124511,47.209309,20858000
2017-09-05,46.954918,47.179563,46.396533,46.688126,29148000
2017-09-06,46.806645,46.837885,46.25173,46.714905,27830000
2017-09-07,46.825493,47.135431,46.492245,47.105179,22332000
2017-09-08,47.095754,47.145343,46.615225,46.68465,19998000
2017-09-11,46.971782,47.243535,46.664322,46.777885,26748000
2017-09-12,46.957893,47.015912,46.490754,46.944504,25696000
2017-09-13,46.887477,47.251965,46.849786,47.13245,21908000
2017-09-14,46.912267,47.012936,46.533398,46.621174,28548000
2017-09-15,46.619195,46.701515,46.180817,46.381161,39886000
2017-09-18,46.367275,46.459015,45.890714,46.10643,29474000
2017-09-19,46.28794,46.512581,45.953205,46.459023,24854000
2017-09-20,46.502159,47.110629,46.490752,46.988636,40080000
2017-09-21,47.017901,47.249485,46.583987,46.989136,27414000
2017-09-22,46.752093,47.110629,46.656384,46.77639,21496000
2017-09-25,46.587458,46.602334,45.846579,46.331078,37468000
2017-09-26,46.45059,46.817061,46.372735,46.487286,33454000
2017-09-27,46.750609,47.875808,46.711432,47.601574,46692000
2017-09-28,47.420566,47.912994,47.385853,47.845058,28018000
2017-09-29,47.90407,48.39055,47.90407,48.286907,40622000
2017-10-02,48.382618,48.486262,47.703232,47.976971,30782000
2017-10-03,47.98144,48.223443,47.740931,48.205589,21666000
2017-10-04,48.189716,48.320634,47.884734,47.942757,21156000
2017-10-05,48.240789,48.921166,48.115822,48.855705,35618000
2017-10-06,48.598337,49.305494,48.524447,49.274746,31060000
2017-10-09,49.34219,49.612951,49.168625,49.208794,25910000
2017-10-10,49.357064,49.464676,48.653381,48.985138,23268000
2017-10-11,49.046633,49.965541,48.992084,49.870327,36300000
2017-10-12,49.780569,50.162411,49.644691,49.870327,30614000
2017-10-13,50.041907,50.322089,49.940247,49.980415,26552000
2017-10-16,50.067688,50.185216,49.665513,50.053802,21420000
2017-10-17,49.959089,50.31217,49.890159,50.135628,20260000
2017-10-18,50.13811,50.39895,49.853955,50.221916,25596000
2017-10-19,49.825693,49.953141,49.456248,49.681385,34284000
2017-10-20,49.939748,50.01909,49.702705,49.84156,32120000
2017-10-23,49.847015,49.877267,48.752064,48.873066,32786000
2017-10-24,48.920673,49.057542,48.453533,49.019356,28902000
2017-10-25,48.909262,49.313919,48.485269,49.166637,30574000
2017-10-26,49.514269,49.912974,49.117546,49.164658,47396000
2017-10-27,51.126938,52.745064,50.921634,51.259838,103682000
2017-10-30,51.036188,51.565316,50.697488,51.233063,46804000
2017-10-31,51.226609,51.623328,50.894353,51.228592,30326000
2017-11-01,51.391253,51.963523,51.276203,51.702679,43262000
2017-11-02,51.573247,51.847481,51.011389,51.721024,26694000
2017-11-03,51.710117,52.102375,51.457206,52.069149,27770000
2017-11-06,52.025014,52.198083,51.67292,51.706642,18294000
2017-11-07,52.052282,52.238744,51.722511,52.18816,26104000
2017-11-08,52.072122,52.698941,51.923354,52.480747,24276000
2017-11-09,51.970466,52.113283,51.367944,51.956581,35892000
2017-11-10,51.76566,51.902529,51.634246,51.779545,19442000
2017-11-13,51.613422,52.007167,51.537054,51.633259,18814000
2017-11-14,51.460679,51.687802,51.044615,51.655071,21012000
2017-11-15,51.325796,51.555397,51.115532,51.395718,18106000
2017-11-16,51.511754,52.156923,51.474563,51.993771,23768000
2017-11-17,52.059732,52.119238,51.262818,51.36993,26712000
2017-11-20,51.375382,51.509277,51.210742,51.308933,17526000
2017-11-21,51.575727,52.088987,51.531098,52.084522,22206000
2017-11-22,52.127169,52.33892,51.933272,52.16486,14538000
2017-11-24,52.287349,52.569022,52.164861,52.392975,16492000
2017-11-27,52.494637,53.212205,52.306192,53.161125,35430000
2017-11-28,53.259309,53.557345,52.294781,52.728695,36424000
2017-11-29,52.376106,52.504546,51.06048,51.443813,55866000
2017-11-30,51.570762,51.77904,51.081308,51.383804,45092000
2017-12-01,51.098176,51.436876,50.428214,50.833366,37762000
2017-12-04,50.968744,51.144295,50.047358,50.178772,38778000
2017-12-05,50.135128,51.409099,49.705184,50.562099,38998000
2017-12-06,50.409365,51.552913,50.34936,51.212727,28710000
2017-12-07,51.378858,52.016089,51.343649,51.800373,30866000
2017-12-08,52.159408,52.388018,51.864346,52.038906,31170000
2017-12-11,52.124696,52.367191,51.778062,52.167343,23254000
2017-12-12,52.069648,52.689525,51.81525,52.008652,33882000
2017-12-13,52.17279,52.341395,51.900043,52.138573,27680000
2017-12-14,52.341895,52.916643,52.248168,52.440083,30962000
2017-12-15,52.752999,53.321799,52.570014,53.160629,63760000
2017-12-18,53.381303,53.879191,53.079798,53.809765,30292000
2017-12-19,53.707115,53.803815,53.174018,53.54644,26350000
2017-12-20,53.602971,53.618343,52.992019,53.237988,28728000
2017-12-21,53.328736,53.434362,53.011855,53.103596,25640000
2017-12-22,53.061449,53.146743,52.944416,53.004917,17788000
2017-12-26,52.994008,53.004919,52.498107,52.855652,18376000
2017-12-27,52.892847,52.975662,52.485212,52.575466,22324000
2017-12-28,52.677124,52.805564,52.237259,52.364708,19884000
2017-12-29,52.341894,52.468843,52.203534,52.238247,23606000
2018-01-02,52.219411,53.357999,52.219411,53.220634,31766000
2018-01-03,53.256336,54.355751,53.231543,54.128628,31318000
2018-01-04,54.404843,54.751477,54.264504,54.338886,26052000
2018-01-05,54.720241,55.22259,54.638417,55.059437,30250000
2018-01-08,55.094642,55.499299,55.045053,55.253826,24644000
2018-01-09,55.4636,55.4636,54.955796,55.183414,26808000
2018-01-10,54.89628,55.182912,54.74652,55.051994,20734000
2018-01-11,55.159611,55.285569,54.8705,55.146717,22424000
2018-01-12,55.050018,56.101327,54.946375,56.069096,38586000
2018-01-16,56.548128,56.973117,55.871224,56.071568,36462000
2018-01-17,56.352254,56.49904,55.714028,56.488132,27830000
2018-01-18,56.500526,56.562018,55.762129,56.332912,27498000
2018-01-19,56.435065,56.720207,56.160831,56.706322,30552000
2018-01-22,56.722196,57.865745,56.623014,57.730858,29550000
2018-01-23,58.051206,58.442473,57.884088,58.326431,39138000
2018-01-24,58.763321,58.865973,57.891525,58.084431,37128000
2018-01-25,58.55157,58.764312,58.111705,58.622482,29984000
2018-01-26,58.889771,58.891258,57.922765,58.891258,42170000
2018-01-29,58.913085,59.408986,58.717697,58.837708,31494000
2018-01-30,58.403295,58.909608,58.244107,58.385937,37338000
2018-01-31,58.705296,58.829771,58.124597,58.62645,36022000
2018-02-01,58.317507,58.885812,57.988724,58.595211,73514000
2018-02-02,55.90892,56.10133,55.10308,55.501289,117842000
2018-02-05,54.579401,55.292509,52.403885,52.684067,83550000
2018-02-06,51.275213,53.923325,51.078339,53.777035,76630000
2018-02-07,53.803814,53.881174,52.298751,52.337929,51942000
2018-02-08,52.5591,52.760435,49.823213,49.972481,66792000
2018-02-09,50.873527,52.154936,49.441363,51.88467,98360000
2018-02-12,52.400415,52.841767,51.845999,52.29578,56240000
2018-02-13,52.06964,52.626043,51.916903,52.274944,31586000
2018-02-14,52.283874,53.332704,52.059728,53.195339,41304000
2018-02-15,53.728435,54.256571,52.924082,54.120693,37396000
2018-02-16,54.220863,54.961245,54.130113,54.325996,39948000
2018-02-20,54.190123,55.356977,54.053254,54.727184,33754000
2018-02-21,55.000422,56.344314,54.921572,55.231014,41486000
2018-02-22,55.499794,55.811715,54.80454,55.040092,28010000
2018-02-23,55.474503,55.987267,54.967694,55.942139,25292000
2018-02-26,56.129094,56.741037,56.004127,56.716244,30912000
2018-02-27,56.716236,56.743511,55.381765,55.417469,42964000
2018-02-28,55.640135,55.92032,54.697925,54.743546,49292000
2018-03-01,55.022236,55.108026,52.92705,53.131363,55338000
2018-03-02,52.465369,53.899023,52.075097,53.76265,50162000
2018-03-05,53.464618,54.607667,53.174017,54.289299,28648000
2018-03-06,54.65329,54.828345,54.276404,54.593781,23382000
2018-03-07,54.19309,55.35251,54.048783,55.294983,30748000
2018-03-08,55.402102,56.108264,55.402102,56.006111,33862000
2018-03-09,56.507961,57.574149,56.249598,57.566216,42662000
2018-03-12,57.774996,58.425125,57.484894,57.818638,44306000
2018-03-13,58.111212,58.417185,56.263484,56.528294,43140000
2018-03-14,56.820381,57.512658,56.649295,56.973614,41870000
2018-03-15,57.007331,57.648531,56.317533,57.058903,33382000
2018-03-16,57.293969,57.366369,56.104301,56.256046,58656000
2018-03-19,55.429868,55.509706,53.999687,54.55262,63656000
2018-03-20,54.469805,54.824377,53.677355,54.340874,54598000
2018-03-21,54.180701,54.980589,53.914896,54.251614,44898000
2018-03-22,53.557846,53.751743,52.051793,52.225857,69312000
2018-03-23,52.137586,52.90177,50.823446,50.906757,49880000
2018-03-26,52.099399,52.529348,50.114803,52.272469,65984000
2018-03-27,52.758954,52.790693,49.47212,49.934299,60816000
2018-03-28,49.684858,50.829397,48.796698,49.847015,77698000
2018-03-29,50.146049,51.972949,49.790487,51.431919,69338000
2018-04-02,50.959818,51.550437,49.304996,50.216461,65068000
2018-04-03,50.391013,50.829887,49.45376,50.516476,51322000
2018-04-04,49.502362,51.21372,49.417069,51.063461,50724000
2018-04-05,51.890624,51.906491,50.780301,51.208759,35836000
2018-04-06,50.735669,51.375382,49.900076,50.083561,40134000
2018-04-09,50.583921,51.80136,50.542265,50.586403,33220000
2018-04-10,51.090734,51.633747,50.35432,51.400177,36620000
2018-04-11,51.177022,51.368937,50.542269,50.832867,34060000
2018-04-12,51.150739,51.804334,50.881961,51.43935,32896000
2018-04-13,51.915418,52.217418,51.085277,51.377361,25410000
2018-04-16,51.848973,52.140561,51.272238,51.876247,29776000
2018-04-17,52.625058,53.805302,52.421241,53.525612,54584000
2018-04-18,53.508255,53.656528,53.087235,53.328739,31126000
2018-04-19,53.012852,54.425674,53.012852,54.025978,39884000
2018-04-20,53.769101,54.288804,53.165588,53.42445,42434000
2018-04-23,53.705127,53.954073,52.896809,53.250385,69590000
2018-04-24,52.525875,52.788206,50.22787,50.71286,128220000
2018-04-25,51.065448,51.378859,50.433668,50.730221,57860000
2018-04-26,51.237515,52.169812,50.604249,51.737881,50926000
2018-04-27,51.848473,52.153947,50.958331,51.149746,40746000
2018-04-30,51.297032,51.492911,50.497639,50.511524,34492000
2018-05-01,50.398456,51.659533,50.116288,51.610935,35326000
2018-05-02,51.276199,51.771109,50.738642,50.881958,34698000
2018-05-03,50.848243,51.112062,49.981407,50.89436,39282000
2018-05-04,50.562594,52.16287,50.485234,52.119228,36892000
2018-05-07,52.262552,52.813499,52.083036,52.538769,34400000
2018-05-08,52.794648,52.8249,52.150969,52.495621,26030000
2018-05-09,52.768871,54.251615,52.670184,54.001183,47160000
2018-05-10,54.301197,55.015792,54.245656,54.820404,36414000
2018-05-11,54.569485,54.995961,54.411292,54.716766,30504000
2018-05-14,54.825366,55.449211,54.787183,54.876446,39338000
2018-05-15,54.395422,54.505512,53.496847,53.798851,35738000
2018-05-16,53.809767,54.27046,53.638185,53.760174,25628000
2018-05-17,53.629751,54.102839,53.379814,53.619831,25738000
2018-05-18,52.863091,53.246424,52.797634,53.043598,35482000
2018-05-21,53.50776,54.216899,53.458171,53.756207,25180000
2018-05-22,54.043332,54.14251,53.173518,53.324768,22226000
2018-05-23,53.061454,53.954078,52.910699,53.852913,23740000
2018-05-24,53.899525,53.910433,53.17551,53.827618,20604000
2018-05-25,53.882163,54.031926,53.686283,53.759674,22224000
2018-05-29,53.358993,53.623807,52.718289,52.965744,36076000
2018-05-30,53.234019,53.507262,52.890359,53.431885,28686000
2018-05-31,53.656525,55.04505,53.458167,54.549149,79368000
2018-06-01,55.187377,56.441511,55.144726,56.284805,63202000
2018-06-04,56.458375,57.418442,56.383989,57.179417,44754000
2018-06-05,57.25975,57.579109,56.9027,57.079239,32964000
2018-06-06,57.166026,57.262231,56.35027,56.877411,34934000
2018-06-07,56.759882,56.823852,55.844447,56.256046,36108000
2018-06-08,56.09686,56.472255,55.701128,56.171246,27284000
2018-06-11,56.182652,56.916588,56.106284,56.577389,24796000
2018-06-12,56.583337,56.96667,56.583337,56.9389,26092000
2018-06-13,57.141724,57.30835,56.700372,56.742523,34302000
2018-06-14,57.138255,57.821607,57.058414,57.530018,35422000
2018-06-15,57.520592,57.718458,57.211649,57.488361,44438000
2018-06-18,57.162056,58.721172,57.078249,58.693897,33038000
2018-06-19,58.025913,58.655706,57.604397,58.451397,47282000
2018-06-20,58.680015,59.582059,58.617036,58.718197,51686000
2018-06-21,58.789606,59.028627,57.697133,57.992691,44966000
2018-06-22,58.094355,58.268415,57.507205,57.985256,34220000
2018-06-25,57.276611,57.325705,55.535996,56.497055,57682000
2018-06-26,56.738069,56.873447,55.987274,56.16679,34688000
2018-06-27,56.334389,56.840706,55.377299,55.389202,34538000
2018-06-28,55.163575,56.235219,54.850167,55.877178,29726000
2018-06-29,56.151416,56.600206,55.889084,55.996693,31562000
2018-07-02,55.310357,56.681028,54.876443,56.637386,23216000
2018-07-03,56.999902,57.024199,55.264743,55.356483,16448000
2018-07-05,55.76907,56.738063,55.695676,56.596729,28594000
2018-07-06,56.620533,57.336119,56.395888,57.280579,21820000
2018-07-09,57.524556,57.917805,57.387191,57.885571,21584000
2018-07-10,58.019965,58.194026,57.651509,57.878632,21334000
2018-07-11,57.307357,58.538186,57.294963,58.092869,33252000
2018-07-12,58.261469,59.606848,58.174189,59.570648,44148000
2018-07-13,59.647015,60.025883,59.274593,59.727352,32612000
2018-07-16,59.697104,59.940099,59.180871,59.335098,26784000
2018-07-17,58.65224,60.438476,58.615541,60.156803,40162000
2018-07-18,59.931174,60.578821,59.734303,60.14838,38948000
2018-07-19,59.837943,60.325415,59.3956,59.463539,38338000
2018-07-20,59.470481,60.042256,59.339064,59.403038,37938000
2018-07-23,59.292946,60.256979,59.11194,60.053658,65446000
2018-07-24,63.029066,63.227427,61.697076,62.391834,107600000
2018-07-25,62.117598,63.388095,61.94056,63.27404,51104000
2018-07-26,62.839631,63.842346,62.632345,63.748123,54686000
2018-07-27,63.92764,64.042687,61.71443,62.130989,48362000
2018-07-30,61.742204,62.130993,60.706763,60.997856,43896000
2018-07-31,61.080672,61.55178,60.311035,60.858013,39382000
2018-08-01,61.447637,61.784351,60.744945,61.144146,36994000
2018-08-02,60.425577,61.710459,60.403758,61.547802,34704000
2018-08-03,61.748649,61.815101,60.96711,61.400528,21264000
2018-08-06,61.571612,61.613763,61.022152,61.376225,22114000
2018-08-07,62.087347,62.785083,62.076935,62.277279,42506000
2018-08-08,62.320916,63.064769,62.092802,62.54953,34344000
2018-08-09,62.618953,63.076668,62.488531,62.704742,27326000
2018-08-10,62.442903,62.543077,61.846832,62.112137,26602000
2018-08-13,62.04718,62.779625,61.840389,61.920227,27500000
2018-08-14,62.111652,62.512836,61.468965,62.391342,28080000
2018-08-15,61.704015,62.085857,60.809408,61.105957,37052000
2018-08-16,61.590452,61.675254,60.481617,60.701302,32176000
2018-08-17,60.601131,60.844617,59.706525,60.294167,33092000
2018-08-20,60.532698,60.793047,59.9396,60.596668,22218000
2018-08-21,60.649732,61.132739,60.253505,60.371529,23082000
2018-08-22,60.213337,60.823793,60.163748,60.586754,22296000
2018-08-23,60.494017,61.25225,60.467733,60.557491,24666000
2018-08-24,60.797512,61.362839,60.570389,61.330608,24454000
2018-08-27,61.697076,62.377949,61.525494,62.298603,28580000
2018-08-28,62.280252,62.312982,61.639051,61.782368,27330000
2018-08-29,62.235626,62.839139,62.126527,62.714169,36926000
2018-08-30,62.652181,62.954185,61.849319,62.207855,30104000
2018-08-31,62.097271,62.11413,60.785114,61.085136,42308000
2018-09-04,60.624937,60.890246,59.833478,60.069031,41458000
2018-09-05,59.965388,60.245574,58.285274,59.463539,53988000
2018-09-06,59.437254,59.458082,57.703582,58.71423,46854000
2018-09-07,58.119643,58.940363,57.984264,58.396854,32658000
2018-09-10,58.724644,58.846636,58.050713,58.271389,27670000
2018-09-11,58.075007,59.058876,57.819618,59.011765,29254000
2018-09-12,58.615542,59.046482,57.830034,58.099808,35716000
2018-09-13,58.501485,58.906141,57.981778,58.622482,40068000
2018-09-14,58.913091,58.913091,58.195023,58.416195,24176000
2018-09-17,58.405779,58.606618,57.448193,57.516132,34096000
2018-09-18,57.656468,58.582318,57.595471,57.877144,32314000
2018-09-19,57.968893,58.331395,57.456129,58.232216,25962000
2018-09-20,58.549588,59.210624,58.330399,59.090118,29244000
2018-09-21,59.256246,59.338566,58.122618,58.125591,91222000
2018-09-24,57.4953,58.773732,57.103042,58.494541,31150000
2018-09-25,58.727126,59.352455,58.223287,59.205173,33152000
2018-09-26,59.195251,59.867195,58.784147,59.213596,37650000
2018-09-27,59.508163,60.344251,59.411462,59.873146,36274000
2018-09-28,59.710984,59.9272,59.40055,59.859261,35612000
2018-10-01,60.152839,60.708246,59.666358,59.931168,33164000
2018-10-02,59.838933,60.724119,59.491308,59.887035,40180000
2018-10-03,60.103243,60.211351,59.61478,60.079937,26246000
2018-10-04,59.757602,59.800745,57.715482,58.371063,46576000
2018-10-05,58.318005,58.615545,57.242891,57.912853,31852000
2018-10-08,57.524561,58.31106,56.304644,57.322235,46190000
2018-10-09,57.093621,57.601426,56.739549,56.789139,33690000
2018-10-10,56.354232,56.38498,54.128131,54.160366,58980000
2018-10-11,53.509739,55.345568,53.353529,54.089943,67696000
2018-10-12,55.523097,55.830061,54.302684,55.56773,49370000
2018-10-15,55.441777,55.630218,54.460882,54.670155,30074000
2018-10-16,55.217632,56.352751,55.131843,56.189598,38378000
2018-10-17,56.532755,56.879885,55.243413,55.917343,35652000
2018-10-18,56.036858,56.153395,53.871754,54.445511,46152000
2018-10-19,54.733135,55.588069,54.401873,54.80603,41286000
2018-10-22,55.169527,55.624764,54.549155,55.112995,27116000
2018-10-23,54.117221,55.441776,53.508256,55.28854,37686000
2018-10-24,55.293008,55.373345,52.320573,52.422729,49286000
2018-10-25,53.572229,55.43285,53.336676,54.727184,72956000
2018-10-26,51.986834,55.392187,51.684334,53.743317,106438000
2018-10-29,54.377567,54.987032,49.947185,51.312401,81290000
2018-10-30,50.582441,52.114279,50.282919,52.045349,59768000
2018-10-31,52.972185,54.945875,52.972185,54.082012,70916000
2018-11-01,54.122676,54.544191,53.449241,53.853897,40132000
2018-11-02,54.003665,54.449977,52.94541,53.135342,43438000
2018-11-05,53.186905,53.227569,51.276198,52.35379,45358000
2018-11-06,52.318582,53.548419,52.24866,53.040119,28660000
2018-11-07,53.73042,55.041582,53.586608,54.957775,43388000
2018-11-08,54.911158,54.956779,53.773557,54.282848,33694000
2018-11-09,53.756702,53.971427,52.776802,53.409573,34860000
2018-11-12,53.216671,53.264774,51.591107,52.03791,34002000
2018-11-13,52.308178,52.896316,51.593583,51.968979,25750000
2018-11-14,52.56555,52.852679,51.628793,52.296772,34666000
2018-11-15,52.142051,53.501315,51.637716,53.113522,41584000
2018-11-16,52.824908,53.182453,52.312639,52.975662,35366000
2018-11-19,52.733655,52.962269,50.724266,50.949898,45684000
2018-11-20,49.951646,51.442328,49.699731,51.100155,54458000
2018-11-21,51.837063,52.303211,51.546961,51.743835,29698000
2018-11-23,51.251406,51.722515,51.004447,51.082802,14178000
2018-11-26,51.772102,52.416771,51.562334,52.364208,31558000
2018-11-27,52.136097,52.900777,51.846491,52.182709,33048000
2018-11-28,52.439585,54.195076,51.72003,54.142014,46042000
2018-11-29,53.7324,54.556589,53.656527,54.280373,31004000
2018-11-30,54.332441,55.027691,53.715042,55.027691,59668000
2018-12-03,56.143968,56.284802,55.130838,55.360443,57532000
2018-12-04,55.193333,55.25532,52.604231,52.688038,45630000
2018-12-06,51.821698,53.528591,51.696731,53.462139,47436000
2018-12-07,53.172036,53.806789,51.542502,51.900047,42682000
2018-12-10,51.719544,52.545716,51.22662,52.227348,33652000
2018-12-11,52.909701,53.081283,52.074604,52.647369,33852000
2018-12-12,53.412552,54.139046,53.159146,53.246426,28960000
2018-12-13,53.342625,53.9749,52.813002,53.236996,24986000
2018-12-14,52.566544,53.146748,52.038408,52.154449,36358000
2018-12-17,51.921372,52.683573,50.414826,50.862129,49932000
2018-12-18,51.276203,52.550174,51.101644,51.742847,43640000
2018-12-19,51.935257,53.34461,50.553678,51.348606,58264000
2018-12-20,50.879482,51.942697,49.979919,50.759476,53674000
2018-12-21,51.179006,51.458197,48.657348,49.156223,104656000
2018-12-24,48.812563,50.191169,48.482293,48.829922,36360000
2018-12-26,49.490464,51.992781,49.22565,51.963028,46318000
2018-12-27,50.889407,52.235282,49.937273,52.213463,45996000
2018-12-28,52.540747,52.775308,51.67292,51.905003,34398000
2018-12-31,52.457936,52.713825,51.228598,51.819714,33110000
2019-01-02,50.938993,52.604727,50.84378,52.301731,31868000
2019-01-03,52.102873,52.875982,50.699471,50.853199,41960000
2019-01-04,51.700692,53.557349,51.418029,53.461639,46022000
2019-01-07,53.605451,53.69124,52.696464,53.355022,47446000
2019-01-08,53.85489,54.219378,52.979624,53.82365,35414000
2019-01-09,53.953574,54.134577,53.278153,53.639172,26998000
2019-01-10,53.306423,53.547927,52.797628,53.499329,26598000
2019-01-11,53.056486,53.228564,52.388507,52.787212,30864000
2019-01-14,52.235284,52.488691,51.997749,52.144535,28490000
2019-01-15,52.466858,53.967456,52.289821,53.880177,37518000
2019-01-16,54.053251,54.666185,53.954568,54.02895,38280000
2019-01-17,53.953578,54.583867,53.719013,54.505516,24896000
2019-01-18,54.975134,55.441778,54.513449,54.911163,44892000
2019-01-22,54.350787,54.498072,53.105578,53.489407,39632000
2019-01-23,53.897536,54.199541,52.940946,53.776043,25194000
2019-01-24,53.68182,53.954072,53.062439,53.755711,29114000
2019-01-25,54.263024,54.715783,54.142522,54.624043,23260000
2019-01-28,54.056721,54.220365,53.290055,53.550404,29334000
2019-01-29,53.608922,53.791911,52.864079,53.064423,19704000
2019-01-30,53.426428,54.525347,53.390724,54.449474,29452000
2019-01-31,55.15613,55.921306,54.809496,55.833035,40232000
2019-02-01,55.654513,56.255053,55.255812,55.472519,33116000
2019-02-04,55.491866,56.648804,55.41748,56.60318,78408000
2019-02-05,56.018503,57.166021,55.719476,57.121387,82296000
2019-02-06,56.992453,57.227014,55.45962,55.684265,48256000
2019-02-07,55.135307,55.143737,54.23128,54.842232,38298000
2019-02-08,54.295249,54.802062,54.263514,54.667175,21766000
2019-02-11,54.735115,55.215148,54.549152,54.654282,18498000
2019-02-12,55.09514,56.178687,55.09514,55.916851,35036000
2019-02-13,56.187607,56.674088,55.838492,55.968914,28042000
2019-02-14,55.788907,56.340845,55.396649,55.997185,21106000
2019-02-15,56.498045,56.498045,55.378298,55.522606,27826000
2019-02-19,55.37433,56.019,55.37433,55.863785,21980000
2019-02-20,55.981317,56.082977,55.131839,55.570213,24090000
2019-02-21,55.480456,55.498805,54.44898,54.757927,33272000
2019-02-22,55.030174,55.404579,54.573946,55.370361,29436000
2019-02-25,55.636661,55.808738,55.248867,55.408546,26208000
2019-02-26,55.26176,55.860314,54.881405,55.640629,35026000
2019-02-27,55.243905,55.825099,54.973639,55.684265,22092000
2019-02-28,55.491364,56.234721,55.462107,55.865768,27422000
2019-03-01,56.086443,57.028656,56.086443,56.955261,34086000
2019-03-04,57.254786,57.798294,56.445968,57.198254,35490000
2019-03-05,57.326195,58.342299,57.178419,57.980289,40094000
2019-03-06,58.107739,58.255516,57.675808,57.769535,23602000
2019-03-07,57.549359,57.702096,56.617558,57.070812,30086000
2019-03-08,56.230254,57.199742,56.046769,57.027168,23694000
2019-03-11,57.127841,58.511902,57.106518,58.479671,30032000
2019-03-12,58.630418,59.791321,58.630418,59.371788,42220000
2019-03-13,59.802234,59.861244,59.40452,59.461548,25888000
2019-03-14,59.459567,59.741239,59.07326,59.137726,27302000
2019-03-15,59.408984,59.593456,58.863985,59.027138,51886000
2019-03-18,58.996893,59.257738,58.589758,58.940361,24442000
2019-03-19,59.097557,59.677269,58.985484,59.630157,29788000
2019-03-20,59.577592,60.995375,59.487834,60.818832,41508000
2019-03-21,60.49997,61.31523,60.33037,61.299858,28150000
2019-03-22,60.938844,61.175883,59.805707,59.887531,34422000
2019-03-25,59.486346,59.976296,59.012264,59.378239,27576000
2019-03-26,59.765536,59.887529,58.603642,59.00433,30752000
2019-03-27,59.107473,59.107473,57.73432,58.417675,29428000
2019-03-28,58.293209,58.379989,57.694656,58.13303,22402000
2019-03-29,58.525286,58.713235,57.840943,58.362137,30890000
2019-04-01,58.890271,59.518081,58.831756,59.457584,27706000
2019-04-02,59.510646,59.796287,59.073759,59.782898,18288000
2019-04-03,60.137954,60.529717,59.760081,60.044231,22180000
2019-04-04,60.068038,60.527244,59.956461,60.472694,21022000
2019-04-05,60.465262,60.519316,60.00556,60.075977,20012000
2019-04-08,60.059112,60.199947,59.74124,59.918774,21750000
2019-04-09,59.60189,59.862731,59.427826,59.64156,19668000
2019-04-10,59.760579,59.951498,59.540894,59.828018,15510000
2019-04-11,59.949521,60.139948,59.733309,59.983738,16998000
2019-04-12,60.282764,60.651221,60.167222,60.635353,24312000
2019-04-15,60.70279,60.961156,60.230198,60.823792,23796000
2019-04-16,60.99587,61.292418,60.749901,61.090588,22622000
2019-04-17,61.343004,61.744686,61.139686,61.498718,30366000
2019-04-18,61.739722,61.786338,61.462514,61.564671,24750000
2019-04-22,61.326634,62.202891,61.162986,62.174129,19084000
2019-04-23,62.316955,63.199163,62.085367,63.008736,31868000
2019-04-24,63.008734,63.177838,62.474155,62.486053,23396000
2019-04-25,62.99435,63.118326,62.384394,62.847565,31344000
2019-04-26,63.147091,63.421325,62.731527,63.347435,27228000
2019-04-29,63.500663,64.316922,63.064271,64.278732,72368000
2019-04-30,59.043507,59.556763,58.665134,59.456593,133178000
2019-05-01,59.38419,59.470974,58.103772,58.185101,74340000
2019-05-02,58.149398,58.485619,57.441745,57.847393,45098000
2019-05-03,58.387926,59.081693,58.196511,58.989952,41588000
2019-05-06,58.119639,59.281537,58.077984,59.183846,31774000
2019-05-07,58.804486,59.248812,57.772515,58.459835,36604000
2019-05-08,58.381972,58.728114,57.902933,58.059143,25520000
2019-05-09,57.653496,58.222292,57.258756,57.919792,29556000
2019-05-10,57.962937,58.331885,56.848645,57.903427,31650000
2019-05-13,56.792605,57.126345,55.813696,56.363647,45626000
2019-05-14,56.647804,56.774258,55.716003,55.78196,40392000
2019-05-15,55.667408,58.432061,55.610381,58.060135,59302000
2019-05-16,58.111707,59.21856,57.943598,58.739517,35308000
2019-05-17,58.309568,58.82828,57.842924,57.959957,25362000
2019-05-20,57.177433,57.177433,56.440523,56.763851,30602000
2019-05-21,57.250823,57.425383,56.696903,57.24884,20562000
2019-05-22,57.090653,57.712017,57.078255,57.318768,18826000
2019-05-23,56.833773,57.031139,56.193564,56.797569,25214000
2019-05-24,57.127839,57.244872,56.369607,56.463829,18554000
2019-05-28,56.606158,57.350506,56.466807,56.510944,20948000
2019-05-29,56.170746,56.284805,55.141752,55.537979,36230000
2019-05-30,55.548391,55.878166,55.337631,55.610874,18088000
2019-05-31,54.828844,55.21366,54.71528,54.87149,31582000
2019-06-03,52.909203,52.912673,50.930558,51.511257,96890000
2019-06-04,51.7964,52.488184,51.376867,52.292301,60512000
2019-06-05,52.317592,52.40735,51.226611,51.803837,46988000
2019-06-06,51.881701,52.069646,51.351086,51.958565,29020000
2019-06-07,52.28189,53.231542,52.126671,52.980614,43828000
2019-06-10,53.408576,54.293267,53.323283,53.694218,28510000
2019-06-11,54.399884,54.748009,53.536026,53.608921,33508000
2019-06-12,53.554869,53.682314,53.04161,53.512718,23670000
2019-06-13,53.790924,54.380052,53.684802,54.10334,20814000
2019-06-14,54.040357,54.289299,53.630744,53.869766,24582000
2019-06-17,54.00862,54.612625,53.95407,54.246155,19770000
2019-06-18,55.11944,55.480454,54.58833,54.809006,34526000
2019-06-19,54.908187,55.01679,54.35228,54.772804,26714000
2019-06-20,55.625255,55.675839,54.896279,55.203739,24018000
2019-06-21,55.038111,55.866761,55.031168,55.807255,50774000
2019-06-24,55.540952,55.71799,55.209195,55.377304,24236000
2019-06-25,55.296972,55.327716,53.785462,53.933243,31644000
2019-06-26,54.102839,54.307151,53.244436,53.573215,34698000
2019-06-27,53.892085,53.976883,53.35155,53.390232,24078000
2019-06-28,53.419985,53.696201,53.249889,53.696201,33672000
2019-07-01,54.60072,54.975128,54.317561,54.549149,29196000
2019-07-02,54.788669,55.188365,54.532784,55.173985,20630000
2019-07-03,55.466573,55.937186,55.28557,55.689236,20154000
2019-07-05,55.509712,56.267449,55.41698,56.169262,29794000
2019-07-08,55.832056,55.898508,55.132341,55.381779,29888000
2019-07-09,55.060917,55.930731,54.903715,55.753693,29472000
2019-07-10,56.151901,56.648794,56.069581,56.577881,30710000
2019-07-11,56.838232,57.18933,56.509452,56.735085,26004000
2019-07-12,56.678058,56.904686,56.461351,56.797569,21878000
2019-07-15,56.797571,57.062385,56.532761,57.053955,21164000
2019-07-16,56.866501,57.454147,56.866501,57.200245,25352000
2019-07-17,57.074283,57.4472,56.861045,56.866997,19538000
2019-07-18,56.631935,56.937908,56.178684,56.891788,25450000
2019-07-19,56.994941,57.107013,56.098847,56.113724,23184000
2019-07-22,56.308112,56.533749,55.799321,56.49358,28914000
2019-07-23,56.703847,56.97213,56.178193,56.931961,20648000
2019-07-24,56.166782,56.803518,55.962965,56.519367,27192000
2019-07-25,56.480688,56.710789,55.724938,56.331425,54762000
2019-07-26,60.896695,62.899638,60.896695,61.750637,121216000
2019-07-29,61.615746,61.937587,61.005786,61.583015,41382000
2019-07-30,60.847097,61.338538,60.763786,60.89669,28616000
2019-07-31,60.741472,61.239356,59.913813,60.410706,39960000
2019-08-01,60.382444,61.308291,59.855299,60.092342,35426000
2019-08-02,59.656938,59.979271,59.012264,59.325676,34910000
2019-08-05,58.167745,58.361646,56.669133,57.264214,47840000
2019-08-06,57.798299,58.585789,57.600434,58.07402,36014000
2019-08-07,57.415462,58.509916,57.070315,58.313541,30686000
2019-08-08,58.835224,59.819589,58.218821,59.815128,30116000
2019-08-09,59.507669,59.729336,58.758857,58.957714,20418000
2019-08-12,58.516365,58.794564,57.956989,58.243618,22064000
2019-08-13,58.236178,59.77744,58.168738,59.346004,28434000
2019-08-14,58.321472,58.654717,57.57762,57.735317,35430000
2019-08-15,57.942606,58.33883,57.673332,57.98674,28506000
2019-08-16,58.555535,58.706785,58.169228,58.47718,24916000
2019-08-19,59.10302,59.973825,59.032107,59.529991,24450000
2019-08-20,59.277573,59.408986,58.667612,58.691414,20206000
2019-08-21,59.300874,59.535931,58.909112,59.090611,14152000
2019-08-22,59.200703,59.447662,58.462306,59.087639,17352000
2019-08-23,58.772747,59.293445,57.028662,57.206196,36254000
2019-08-26,57.497285,58.112697,57.269171,58.078976,21166000
2019-08-27,58.665136,58.764315,57.750693,58.061127,23460000
2019-08-28,57.766064,58.441977,57.536959,58.206425,16810000
2019-08-29,58.834725,59.467991,58.778193,59.222523,19636000
2019-08-30,59.525528,59.525528,58.800021,59.038551,18064000
2019-09-03,58.608103,58.966639,57.70854,57.998146,25908000
2019-09-04,58.489086,58.75836,58.096332,58.628929,21312000
2019-09-05,59.193763,60.202429,59.145661,60.112671,26394000
2019-09-06,59.961418,60.150355,59.669826,59.821575,18972000
2019-09-09,59.859259,60.527238,59.169461,59.769501,31854000
2019-09-10,59.314272,60.00407,59.310303,59.790833,27922000
2019-09-11,59.701072,60.622458,59.621231,60.499969,23522000
2019-09-12,60.672049,61.61178,60.62692,61.242336,31644000
2019-09-13,61.100502,61.54384,60.851064,61.493256,23676000
2019-09-16,61.017688,61.443172,60.757339,61.076702,28218000
2019-09-17,61.076702,61.24382,60.666094,60.989918,20806000
2019-09-18,61.007774,61.305314,60.324918,61.127285,17440000
2019-09-19,61.110919,61.706991,61.110424,61.429783,16554000
2019-09-20,61.176375,61.630621,60.6775,60.987934,37692000
2019-09-23,60.825773,61.475902,60.687417,61.228447,20798000
2019-09-24,61.491771,61.844356,60.035806,60.417152,35804000
2019-09-25,60.3021,61.889483,59.964392,61.786335,26798000
2019-09-26,61.597893,61.723359,61.086124,61.605331,23166000
2019-09-27,61.632108,61.739225,60.261932,60.795029,34122000
2019-09-30,60.52972,60.867429,60.173666,60.556499,24470000
2019-10-01,60.623448,61.137699,59.783391,59.805706,24504000
2019-10-02,59.334605,59.446678,58.150888,58.413219,33030000
2019-10-03,58.681993,59.061853,57.680274,58.983997,28368000
2019-10-04,59.22501,60.126064,59.060371,60.051678,24282000
2019-10-07,59.855298,60.445918,59.72438,59.917286,17040000
2019-10-08,59.447169,59.848848,58.986476,59.018711,20086000
2019-10-09,59.574123,59.9277,59.414936,59.627182,15948000
2019-10-10,59.438736,60.282758,59.40204,59.977779,12842000
2019-10-11,60.699818,60.933883,60.184576,60.287228,22330000
2019-10-14,60.196975,60.79156,60.097301,60.389385,13296000
2019-10-15,60.57435,61.845343,60.545588,61.602848,27584000
2019-10-16,61.581527,62.195453,61.41887,61.640541,22986000
2019-10-17,62.0571,62.669539,61.981227,62.126526,20958000
2019-10-18,62.220247,62.389843,61.49871,61.710461,31624000
2019-10-21,61.923207,62.161733,61.491276,61.704018,18094000
2019-10-22,61.713934,61.924694,61.484333,61.551281,22862000
2019-10-23,61.502188,62.386379,61.502188,62.366047,21282000
2019-10-24,62.439438,62.627383,62.104207,62.439438,20224000
2019-10-25,62.086855,62.8803,61.945525,62.696815,27104000
2019-10-28,63.227432,64.429495,63.094036,63.9207,65428000
2019-10-29,63.277011,63.515045,62.265868,62.5163,52654000
2019-10-30,62.243062,62.881289,62.019908,62.518288,29204000
2019-10-31,62.48357,62.806898,61.961881,62.424061,31904000
2019-11-01,62.771194,63.128244,62.46919,63.091049,28812000
2019-11-04,63.282469,64.095251,63.282469,63.951935,30632000
2019-11-05,64.030776,64.330303,63.940526,64.042679,25148000
2019-11-06,63.975742,64.11955,63.587948,64.021362,24626000
2019-11-07,64.183526,65.590401,64.157246,64.81134,45140000
2019-11-08,64.542548,65.315661,64.542548,64.913483,30392000
2019-11-11,64.665533,64.71017,64.262371,64.381882,17234000
2019-11-12,64.396263,64.930846,64.181538,64.328819,28852000
2019-11-13,64.128969,64.592143,64.077892,64.27774,20538000
2019-11-14,64.219232,65.246743,64.166665,64.920929,28948000
2019-11-15,65.213511,66.130432,65.056801,66.130432,39286000
2019-11-18,66.070927,66.149281,65.26856,65.45105,27984000
2019-11-19,65.787764,65.787764,65.050858,65.091522,21864000
2019-11-20,65.030523,65.122263,63.932103,64.559418,28892000
2019-11-21,64.429976,65.018609,64.008457,64.474113,25546000
2019-11-22,64.615958,64.809359,63.939549,64.153282,27776000
2019-11-25,64.281715,64.983412,64.24948,64.746864,23590000
2019-11-26,64.958618,65.16194,64.667529,65.111855,21910000
2019-11-27,65.231859,65.341949,64.936797,65.068703,18808000
2019-11-29,64.794473,64.960596,64.627351,64.669998,12802000
2019-12-02,64.594128,64.736952,63.494217,63.914745,26538000
2019-12-03,63.408934,64.329828,63.329096,64.206345,25270000
2019-12-04,64.769675,65.670728,64.618421,65.40641,35506000
2019-12-05,65.806105,65.854707,65.177307,65.804123,24408000
2019-12-06,66.091245,66.573262,66.015872,66.420525,32968000
2019-12-09,66.394256,67.321097,66.255896,66.59906,30842000
2019-12-10,66.447811,66.847507,66.153241,66.594101,17606000
2019-12-11,66.862377,66.941223,66.505327,66.661537,20480000
2019-12-12,66.609967,67.173804,66.361525,66.871803,29114000
2019-12-13,66.84255,67.013636,66.533111,66.791473,33170000
2019-12-16,67.194643,67.617645,66.976944,67.47731,28128000
2019-12-17,67.562088,67.657302,66.984858,67.189171,32948000
2019-12-18,67.293812,67.414314,66.969497,67.041397,23330000
2019-12-19,67.041407,67.32011,66.884705,67.266052,28922000
2019-12-20,67.596312,67.640941,66.982882,67.007179,50090000
2019-12-23,67.379599,67.534319,66.847498,66.977921,19936000
2019-12-24,66.957104,67.04637,66.657585,66.670471,13468000
2019-12-26,66.775606,67.601286,66.72403,67.565079,23662000
2019-12-27,67.640947,67.792201,67.09546,67.176788,23212000
2019-12-30,67.284396,67.293817,66.34367,66.436401,19994000
2019-12-31,66.242,66.483504,66.060501,66.420525,19514000
2020-01-02,66.867836,67.873024,66.772622,67.873024,27278000
2020-01-03,66.847506,68.124451,66.813781,67.51796,23408000
2020-01-06,67.027518,69.342885,66.996282,69.317596,46768000
2020-01-07,69.448994,69.599749,69.007642,69.183685,34330000
2020-01-08,69.169319,70.013841,69.06072,69.676132,35314000
2020-01-09,70.513703,70.848438,69.932508,70.407585,33200000
2020-01-10,70.887624,71.15888,70.398169,70.862328,26258000
2020-01-13,71.174246,71.483193,70.6843,71.411293,30730000
2020-01-14,71.409801,71.540224,70.80331,70.943161,26076000
2020-01-15,71.063667,71.448487,70.996224,71.370132,21550000
2020-01-16,71.680054,71.940407,71.409789,71.913628,26080000
2020-01-17,72.527566,73.420682,72.230522,73.369606,52424000
2020-01-21,73.343808,73.883355,72.907912,73.504982,48930000
2020-01-22,73.875917,74.413966,73.525314,73.585312,28458000
2020-01-23,73.767802,74.062864,73.409262,73.625969,26650000
2020-01-24,74.029155,74.097589,72.5593,72.707581,29786000
2020-01-27,70.990274,71.240207,70.393204,70.999695,34132000
2020-01-28,71.496083,72.14373,70.931747,71.930496,29724000
2020-01-29,72.325237,72.606913,71.677098,72.237961,21566000
2020-01-30,71.315579,72.166048,71.161851,72.116463,27110000
2020-01-31,72.791378,72.881136,70.768099,71.051758,43822000
2020-02-03,72.483432,73.705835,72.233499,73.522346,71636000
2020-02-04,72.128358,72.765586,70.518662,71.678078,95880000
2020-02-05,72.580625,72.628727,70.898036,71.709824,36376000
2020-02-06,72.003882,73.470762,71.9295,73.19355,37822000
2020-02-07,72.768064,73.653741,72.669876,73.349258,28360000
2020-02-10,73.256046,74.825571,73.155376,74.814659,38302000
2020-02-11,75.043263,75.86696,74.655469,74.884079,34852000
2020-02-12,75.171706,75.391886,74.815156,75.309074,31042000
2020-02-13,74.881104,75.672068,74.583561,75.049217,22914000
2020-02-14,75.105748,75.379487,74.660424,75.314026,23198000
2020-02-18,75.096329,75.900678,74.93119,75.349236,25642000
2020-02-19,75.734046,75.909597,75.425598,75.6185,22746000
2020-02-20,75.3279,75.727596,74.596442,75.22773,25962000
2020-02-21,74.612331,74.928224,73.318527,73.564987,42520000
2020-02-24,70.569242,71.230282,69.76291,70.411049,49560000
2020-02-25,70.963491,71.253589,68.455223,68.747803,51580000
2020-02-26,69.177252,70.104093,68.263304,68.953598,49776000
2020-02-27,67.399941,67.908736,65.173341,65.208549,62290000
2020-02-28,63.193212,66.572282,62.890712,66.413597,80198000
2020-03-02,67.015621,68.804827,65.716854,68.747803,55430000
2020-03-03,69.311141,69.83233,65.917187,66.337715,56602000
2020-03-04,67.391023,68.572263,66.302024,68.513748,47598000
2020-03-05,66.726013,67.126708,64.548514,65.199135,54380000
2020-03-06,62.97699,64.603542,62.34521,64.25592,64640000
2020-03-09,59.754137,62.123059,59.410973,60.291199,69252000
2020-03-10,62.205374,63.269577,60.227716,63.235855,54872000
2020-03-11,61.901882,62.331331,59.068795,60.048695,54732000
2020-03-12,55.670878,58.950273,54.969177,55.121914,94326000
2020-03-13,58.267915,60.222263,55.158612,60.215816,79400000
2020-03-16,54.03391,56.804015,52.916645,53.21022,96520000
2020-03-17,54.084995,55.838501,52.025021,55.444756,83194000
2020-03-18,52.562571,54.796605,51.42497,54.112263,93044000
2020-03-19,53.964976,57.158086,52.344867,55.127865,74064000
2020-03-20,56.081487,56.457382,52.669687,52.972683,82878000
2020-03-23,52.38553,52.90821,50.029998,52.274448,83672000
2020-03-24,54.746524,56.201993,53.876214,56.037354,72468000
2020-03-25,55.768082,56.838732,53.706621,54.629494,90324000
2020-03-26,55.279117,58.093854,54.153918,57.669361,76562000
2020-03-27,55.911388,57.080724,54.747507,55.057941,62794000
2020-03-30,56.167773,57.078247,54.47427,56.845669,58736000
2020-03-31,56.965681,58.189067,56.370101,57.621262,65228000
2020-04-01,55.739315,56.008093,54.226319,54.65329,51970000
2020-04-02,54.549155,55.678323,54.208473,55.393677,56410000
2020-04-03,55.278622,55.480949,53.313366,54.187141,51374000
2020-04-06,56.185636,59.049464,55.788914,58.674564,63320000
2020-04-07,60.351687,60.538645,58.379984,58.643307,61620000
2020-04-08,59.661896,60.24706,58.712244,59.855297,40334000
2020-04-09,60.409716,60.598653,59.132272,59.833973,54028000
2020-04-13,59.582551,60.228216,58.631908,60.024399,38702000
2020-04-14,61.49028,63.264613,60.923462,62.742928,63358000
2020-04-15,61.814603,63.232881,61.194231,62.349682,42236000
2020-04-16,62.837649,63.146101,61.402512,62.356129,57896000
2020-04-17,63.559681,63.97128,62.781116,63.425789,51050000
2020-04-20,62.974018,63.317678,62.30703,62.5406,35292000
2020-04-21,61.62617,61.98768,59.756124,60.111191,49648000
2020-04-22,61.546813,63.469422,61.352916,62.404724,46296000
2020-04-23,62.768221,63.879538,62.509858,63.037495,34202000
2020-04-24,62.235625,63.361819,61.690135,63.306774,37402000
2020-04-27,64.07046,64.174603,62.734502,63.022125,44186000
2020-04-28,63.634069,63.711425,61.014715,61.12431,80700000
2020-04-29,66.698742,67.450032,65.792732,66.558899,108358000
2020-04-30,66.022332,66.946691,65.533369,66.783043,55842000
2020-05-01,65.661814,67.017613,64.946232,65.326088,48872000
2020-05-04,64.87035,65.680654,64.269314,65.602791,30806000
2020-05-05,66.326804,67.988569,66.204319,66.898079,39666000
2020-05-06,67.343404,67.873523,66.705178,66.720055,31732000
2020-05-07,67.507547,68.23603,67.072642,67.902779,30652000
2020-05-08,68.524646,69.259569,68.038165,68.649612,33326000
2020-05-11,68.275205,70.196324,68.211235,69.604218,32718000
2020-05-12,69.833824,70.136816,68.16214,68.195366,33918000
2020-05-13,68.243965,68.69871,65.856198,66.863869,40368000
2020-05-14,66.129447,67.312169,65.622634,67.28688,36660000
2020-05-15,66.8604,68.165606,66.40119,68.090233,41544000
2020-05-18,67.520949,69.067168,67.15497,68.691277,47094000
2020-05-19,68.706152,69.053773,68.124957,68.156693,31586000
2020-05-20,68.888637,70.022765,68.802352,69.88044,38262000
2020-05-21,69.971193,70.24245,69.147995,69.760933,30894000
2020-05-22,69.619597,70.269226,69.225356,70.082771,28544000
2020-05-26,71.506995,71.663205,70.388243,70.485931,44590000
2020-05-27,70.417992,70.683301,69.158406,70.431877,31684000
2020-05-28,69.426192,71.630969,69.380572,70.330719,35170000
2020-05-29,70.439317,71.247639,70.218645,71.088455,37044000
2020-06-01,70.700658,71.488148,70.531054,71.155396,25162000
2020-06-02,71.161848,71.55857,70.497834,71.524353,23442000
2020-06-03,71.543683,71.856595,70.994224,71.372597,27732000
2020-06-04,71.250117,71.475261,69.724231,70.13533,26982000
2020-06-05,70.20178,71.722219,69.804066,71.410789,42642000
2020-06-08,70.729416,71.856098,70.64015,71.808495,33878000
2020-06-09,71.669651,72.788403,71.526826,72.008842,33624000
2020-06-10,72.476497,73.034878,72.121929,72.634689,31762000
2020-06-11,71.460883,71.985055,69.347355,69.520424,47144000
2020-06-12,70.708594,71.137552,68.722015,70.066902,36676000
2020-06-15,68.905005,70.665948,68.791441,70.454697,30468000
2020-06-16,71.856103,72.261255,70.863808,71.730644,30648000
2020-06-17,72.05151,72.510712,71.168307,72.03167,30610000
2020-06-18,71.898262,72.052981,70.727435,71.11821,34862000
2020-06-19,71.409796,71.632951,70.368401,70.648094,52784000
2020-06-22,70.666443,71.952808,70.377828,71.938423,29442000
2020-06-23,72.00488,73.155374,71.65775,72.598969,37752000
2020-06-24,72.564264,73.184633,70.913903,71.047798,31592000
2020-06-25,70.974386,71.524837,70.395174,71.46434,23958000
2020-06-26,71.044308,71.262007,67.194626,67.568535,97640000
2020-06-29,67.459461,69.327029,67.028521,69.285866,45074000
2020-06-30,69.271479,70.616359,68.778052,70.321297,40286000
2020-07-01,70.376842,71.830329,70.129383,71.50898,42182000
2020-07-02,71.996947,73.815913,71.958757,72.894028,57218000
2020-07-06,73.79756,74.881103,73.243636,74.367844,44712000
2020-07-07,74.193294,75.442468,73.874426,73.885338,42364000
2020-07-08,74.424877,74.939128,74.003357,74.563728,31766000
2020-07-09,74.87764,75.830269,74.166522,75.310562,41836000
2020-07-10,75.042281,76.435271,74.420921,76.319725,35918000
2020-07-13,76.861734,78.171904,74.710515,74.991692,42954000
2020-07-14,74.027671,75.515867,73.687481,75.419662,38108000
2020-07-15,75.537177,76.186807,74.277591,75.222282,31026000
2020-07-16,74.459587,75.174185,73.80351,75.125092,26484000
2020-07-17,75.223776,75.547108,74.290987,75.220802,34264000
2020-07-20,75.12905,77.807413,74.519093,77.551033,30166000
2020-07-21,78.601869,78.702039,76.994646,77.158295,27486000
2020-07-22,77.147873,77.706753,76.528988,77.601128,24482000
2020-07-23,77.654678,77.873867,74.811175,75.215836,33910000
2020-07-24,74.345051,75.150392,73.769804,74.792351,29902000
2020-07-27,75.042768,76.247805,74.996648,75.844635,27124000
2020-07-28,75.624962,75.675047,74.410997,74.566216,30910000
2020-07-29,74.633159,76.038044,74.534472,75.551071,22676000
2020-07-30,74.284533,76.412946,74.145682,76.287979,36042000
2020-07-31,74.238915,74.634147,72.104056,73.787643,91468000
2020-08-03,73.938899,74.272635,72.982796,73.530273,45482000
2020-08-04,73.726147,74.043524,72.60144,73.061142,37212000
2020-08-05,73.235702,73.889297,72.957991,73.348267,29134000
2020-08-06,73.20247,74.696122,72.991711,74.630661,33306000
2020-08-07,74.833502,75.381471,73.704331,74.304375,27718000
2020-08-10,73.928966,74.739762,73.268917,74.227501,20546000
2020-08-11,74.087661,74.902929,73.303644,73.420181,31098000
2020-08-12,73.746482,74.963921,73.641348,74.744232,22512000
2020-08-13,74.792339,76.218554,74.792339,75.210876,22388000
2020-08-14,75.060132,75.366605,74.335621,74.614815,21942000
2020-08-17,75.177158,75.56446,74.633155,75.190544,19990000
2020-08-18,75.680507,77.230199,75.459834,77.151352,28378000
2020-08-19,76.988195,77.79999,76.368818,76.597427,30472000
2020-08-20,76.367317,78.360843,76.094078,78.166451,26382000
2020-08-21,77.945774,78.94155,77.475169,78.132736,34838000
2020-08-24,78.9708,79.779622,78.106446,78.607803,25638000
2020-08-25,78.357371,79.784578,78.247281,79.634323,25150000
2020-08-26,79.656641,81.962088,79.392823,81.532631,52188000
2020-08-27,81.655618,81.724053,80.277013,80.758537,31350000
2020-08-28,80.805649,81.394774,80.61423,81.299561,22418000
2020-08-31,81.504866,81.550986,80.600347,80.808624,26422000
2020-09-01,80.939043,82.280949,80.808621,82.075645,22652000
2020-09-02,82.716848,85.597542,82.329055,85.165611,49522000
2020-09-03,84.279426,84.303232,79.726556,80.807625,63726000
2020-09-04,79.790528,81.079375,76.268142,78.412422,55850000
2020-09-08,75.62496,77.139935,75.203441,75.555534,54032000
2020-09-09,76.81016,77.297132,75.633386,76.727348,39242000
2020-09-10,76.873647,78.03802,75.377014,75.677032,33024000
2020-09-11,75.781177,76.304349,74.039075,75.166756,30706000
2020-09-14,75.954728,77.211839,74.63861,74.823082,42660000
2020-09-15,75.768275,76.913806,75.481151,76.126808,23042000
2020-09-16,76.491794,77.081418,74.959952,74.984749,22128000
2020-09-17,73.681534,74.31877,72.523609,73.742531,40008000
2020-09-18,73.804993,74.147166,70.994224,71.95974,63056000
2020-09-21,70.994244,71.412782,69.559106,70.920853,56908000
2020-09-22,71.921557,72.598465,70.88909,72.392662,33950000
2020-09-23,72.009347,72.058441,69.559101,69.891846,37726000
2020-09-24,69.559098,71.310121,69.532811,70.559822,34552000
2020-09-25,70.668439,71.704372,69.807058,71.363197,30326000
2020-09-28,72.996184,73.04577,71.721222,72.335144,30784000
2020-09-29,72.5955,72.996679,72.104055,72.700134,31816000
2020-09-30,72.448214,73.700862,72.191342,72.679306,40924000
2020-10-01,73.574904,74.14073,73.234713,73.785164,32884000
2020-10-02,72.383251,73.345301,71.774286,72.183403,31222000
2020-10-05,72.533013,73.626477,72.406064,73.533745,21602000
2020-10-06,73.170257,73.617556,71.658255,71.956291,26096000
2020-10-07,72.367392,72.846435,71.074081,72.358963,36108000
2020-10-08,72.671867,73.79161,72.671867,73.563499,26076000
2020-10-09,74.031135,74.972853,73.740538,74.903427,32966000
2020-10-12,76.269641,78.769973,75.838202,77.588242,55344000
2020-10-13,78.204147,78.608308,77.292682,77.71122,39072000
2020-10-14,78.084636,78.543339,76.661394,77.531204,33174000
2020-10-15,76.59196,77.925935,76.424846,77.135963,31210000
2020-10-16,77.451373,78.238863,77.244586,77.74247,34194000
2020-10-19,78.150588,78.547311,75.521817,75.87043,29734000
2020-10-20,75.531232,78.046938,75.401801,76.918266,41670000
2020-10-21,77.849076,80.095017,77.714688,78.64946,60322000
2020-10-22,78.600362,80.009711,78.227445,79.674484,30512000
2020-10-23,80.090555,81.036238,79.934837,80.979706,30548000
2020-10-26,80.088083,80.811104,77.746437,78.56517,35826000
2020-10-27,78.795262,79.443401,78.203155,79.288681,25902000
2020-10-28,76.865224,77.053661,74.805745,74.920792,45174000
2020-10-29,75.229235,78.785839,75.205929,77.205902,55406000
2020-10-30,82.688579,83.376891,79.422074,80.143112,99878000
2020-11-02,80.511573,82.232351,80.050381,80.550255,44228000
2020-11-03,80.869602,82.270022,79.944743,81.60849,31432000
2020-11-04,84.579944,87.776032,84.452003,86.576942,71342000
2020-11-05,87.796859,88.856605,86.337917,87.402618,39758000
2020-11-06,86.849195,87.700164,86.122202,87.265259,28622000
2020-11-09,89.0629,90.099824,87.157149,87.34906,53440000
2020-11-10,85.779534,87.247897,85.102626,86.173775,43022000
2020-11-11,86.703393,87.422449,86.438584,86.645378,31838000
2020-11-12,86.386017,87.525601,86.186169,86.426682,26474000
2020-11-13,86.683565,88.128123,86.087494,87.88662,29744000
2020-11-16,87.483942,88.981567,87.344591,87.974388,25468000
2020-11-17,87.668418,88.128619,87.253354,87.360962,21314000
2020-11-18,87.112018,87.526591,86.215921,86.318573,20108000
2020-11-19,85.951113,87.451711,85.791929,87.207726,20106000
2020-11-20,87.37782,87.693214,86.038888,86.107323,27694000
2020-11-23,86.297744,86.583877,84.808057,85.66993,22530000
2020-11-24,85.666965,87.599986,85.331239,87.472046,27984000
2020-11-25,87.665949,87.79339,86.701417,87.483452,19600000
2020-11-27,87.503774,89.11397,87.503774,88.618561,14790000
2020-11-30,88.054737,88.287311,86.675632,87.000946,32418000
2020-12-01,87.608916,90.339347,87.4289,89.03215,37350000
2020-12-02,89.03214,90.885823,88.526818,90.500504,29424000
2020-12-03,90.280829,91.435781,90.105278,90.345299,24728000
2020-12-04,90.264963,90.725156,89.936175,90.440514,20544000
2020-12-07,90.033383,90.714755,89.413014,90.106781,22288000
2020-12-08,89.684761,90.054205,88.829827,89.824104,19936000
2020-12-09,89.776001,90.669125,87.377823,88.164322,31728000
2020-12-10,87.407572,88.021993,85.965988,87.658005,28688000
2020-12-11,87.278641,88.137048,86.918618,88.012573,18628000
2020-12-14,87.810267,88.756442,86.73961,86.894829,33050000
2020-12-15,87.271702,87.477006,86.369665,87.332207,21352000
2020-12-16,87.730413,87.730413,86.736135,87.139297,24676000
2020-12-17,87.473532,87.611393,85.847968,86.312126,34880000
2020-12-18,86.592829,86.701428,85.047102,85.6035,85256000
2020-12-21,84.75599,86.138069,84.005691,86.017067,33974000
2020-12-22,85.75771,85.920367,84.589865,85.305946,20370000
2020-12-23,85.489922,86.490646,85.354535,85.703156,22974000
2020-12-24,85.741342,86.406348,85.51075,85.997231,9312000
2020-12-28,86.530331,88.61758,86.377103,87.970924,27650000
2020-12-29,88.628973,88.690462,87.036136,87.167549,19726000
2020-12-30,87.526592,87.663462,85.691759,86.100876,21026000
2020-12-31,86.151464,87.15467,86.092942,86.913666,21070000
2021-01-04,87.278636,87.402112,84.657304,85.599022,37324000
2021-01-05,85.547452,86.62554,85.141309,86.289322,20360000
2021-01-06,84.316118,86.483704,84.109823,85.437843,46588000
2021-01-07,85.630257,88.162331,85.630257,87.989761,41936000
2021-01-08,88.129619,89.230521,87.339147,89.154648,35484000
2021-01-11,88.12266,88.487648,86.888862,87.094658,34796000
2021-01-12,86.552635,87.670396,85.115515,86.159386,29528000
2021-01-13,85.658025,87.099617,85.658025,86.646362,23432000
2021-01-14,86.726698,87.653047,85.596043,85.836555,29212000
2021-01-15,85.742338,86.664715,84.883939,85.672913,31444000
2021-01-19,86.435622,89.452686,85.931291,88.492126,41660000
2021-01-20,90.569952,94.207393,90.229769,93.232948,64152000
2021-01-21,93.906377,95.81212,93.200208,93.435265,58634000
2021-01-22,93.797761,94.438961,93.055891,93.85231,32744000
2021-01-25,94.853037,95.303318,92.195997,93.937599,50586000
2021-01-26,93.526495,95.002296,93.03754,94.615494,31462000
2021-01-27,92.977037,93.252758,89.127355,90.201477,82512000
2021-01-28,90.79955,93.625687,90.79955,91.900452,55278000
2021-01-29,90.949304,91.619765,89.339615,90.619034,44530000
2021-02-01,91.473476,94.991897,91.473476,93.877609,40252000
2021-02-02,94.872389,96.669532,94.537155,95.169434,66332000
2021-02-03,102.433879,104.46757,99.852213,102.100136,97882000
2021-02-04,102.186428,102.616869,100.920887,101.839798,48596000
2021-02-05,102.133861,103.93795,101.659782,103.585365,29866000
2021-02-08,104.139285,104.883137,102.32181,103.371628,28828000
2021-02-09,102.889616,104.065399,102.651585,102.918877,21892000
2021-02-10,103.303188,104.083739,101.770855,103.468819,25102000
2021-02-11,103.692979,103.841743,102.595051,103.581398,20480000
2021-02-12,103.136091,104.114501,102.828627,103.892838,18990000
2021-02-16,103.730164,106.377783,103.730164,104.669899,31004000
2021-02-17,103.840757,105.252096,103.56157,105.06266,20294000
2021-02-18,104.387249,105.229788,103.808528,104.427414,22546000
2021-02-19,104.525592,105.060667,103.317574,103.584366,37938000
2021-02-22,101.838306,103.163852,101.560603,101.871033,29466000
2021-02-23,99.874047,102.775566,98.695782,102.161636,34658000
2021-02-24,100.669942,103.560056,100.545475,103.336403,22608000
2021-02-25,101.953851,103.296257,99.502115,99.971237,41548000
2021-02-26,100.665513,101.983122,99.230375,100.266808,40042000
2021-03-01,101.560597,102.960526,100.887162,102.63472,26060000
2021-03-02,102.395688,103.878436,101.990544,102.377838,25564000
2021-03-03,101.756478,102.948621,98.882723,99.746094,33892000
2021-03-04,99.917678,102.879201,99.449547,100.862869,49216000
2021-03-05,102.212713,104.446743,100.557887,103.993988,53100000
2021-03-08,103.348824,104.820653,99.437646,99.5522,36868000
2021-03-09,101.647397,102.350085,100.945692,101.18174,33920000
2021-03-10,102.225111,102.225111,100.138853,100.974945,27100000
2021-03-11,102.06741,104.698163,101.979634,104.166061,27702000
2021-03-12,102.969453,103.028959,100.787982,101.659775,33818000
2021-03-15,101.410837,101.90723,100.558385,101.879959,26168000
2021-03-16,102.452733,104.817685,102.12048,103.340401,31900000
2021-03-17,102.575712,104.089695,101.368193,103.257576,26382000
2021-03-18,101.569528,102.5896,100.131417,100.238533,31700000
2021-03-19,100.654588,101.017086,99.325569,100.51722,46072000
2021-03-22,100.550441,101.577452,99.874524,100.702187,33536000
2021-03-23,101.161393,102.359491,100.568795,101.229828,28510000
2021-03-24,101.747062,102.53257,100.61839,100.793449,25218000
2021-03-25,100.620874,101.443573,98.98638,100.789978,35616000
2021-03-26,100.75675,101.133632,99.371198,100.406647,27978000
2021-03-29,100.279201,101.620615,99.450547,101.451012,26492000
2021-03-30,101.807566,102.288091,100.972964,101.484734,27312000
2021-03-31,101.877977,103.457921,101.511007,102.280647,42570000
2021-04-01,103.75496,105.912127,103.714296,105.616074,39880000
2021-04-05,106.477461,110.53592,106.381256,110.038528,48510000
2021-04-06,109.63983,110.486834,109.187075,109.55751,35240000
2021-04-07,109.74794,111.30507,109.74794,111.033813,24134000
2021-04-08,112.272057,112.658367,111.23116,111.599121,28664000
2021-04-09,111.351687,112.766493,110.946036,112.602844,26146000
2021-04-12,111.782125,111.919486,110.477902,111.31102,25024000
2021-04-13,111.626906,112.245791,111.233157,111.797493,25682000
2021-04-14,112.442154,112.442154,110.884532,111.176613,21002000
2021-04-15,112.170423,113.858967,111.63584,113.325867,29174000
2021-04-16,113.523722,113.771673,112.615231,113.201881,26282000
2021-04-19,112.578551,114.260148,112.578551,113.549522,30290000
2021-04-20,113.932833,114.007714,111.930885,113.016411,22288000
2021-04-21,112.671268,113.065509,111.320925,112.983688,23204000
2021-04-22,112.837401,113.50588,111.097781,111.702782,24146000
2021-04-23,112.420845,114.360813,112.135704,114.053848,29066000
2021-04-26,114.281468,115.273771,113.924419,114.549751,32038000
2021-04-27,114.93159,114.972254,113.370987,113.610016,44386000
2021-04-28,118.644405,120.57247,116.696508,116.985123,81106000
2021-04-29,118.482244,119.222622,117.719543,118.657295,41234000
2021-04-30,117.430435,118.116264,116.366233,116.710388,44856000
2021-05-03,117.276209,118.10139,115.817766,116.193657,28242000
2021-05-04,114.729256,115.296565,111.909066,114.396011,44818000
2021-05-05,115.477092,115.792978,114.467931,114.789772,26636000
2021-05-06,114.371212,115.9095,113.712161,115.9095,25190000
2021-05-07,117.225628,117.590607,116.34639,116.632523,28898000
2021-05-10,115.452782,115.594615,113.290652,113.648201,30914000
2021-05-11,111.234161,113.079407,110.780407,112.572594,34186000
2021-05-12,110.397068,111.477637,108.781915,109.110695,46376000
2021-05-13,110.393599,111.05414,109.43155,110.538406,33204000
2021-05-14,112.001303,113.299571,111.577802,112.985168,31996000
2021-05-17,112.250739,113.550497,111.851043,113.507851,21598000
2021-05-18,114.173855,114.438173,112.182312,112.196198,22204000
2021-05-19,110.508154,112.817066,110.359882,112.643997,23684000
2021-05-20,113.611007,114.652395,113.240072,114.40197,32352000
2021-05-21,114.920672,114.994071,113.526691,113.766212,40632000
2021-05-24,114.795725,117.307958,114.650426,117.084312,31832000
2021-05-25,117.627804,118.222884,116.784773,117.175049,22440000
2021-05-26,117.356047,118.470342,117.353073,118.039902,21572000
2021-05-27,118.473323,118.473323,116.847266,117.165634,35224000
2021-05-28,117.747819,117.829639,116.678161,116.876518,21482000
2021-06-01,117.748803,118.307683,116.749062,118.083038,23354000
2021-06-02,118.478263,118.700926,116.653842,117.557877,21158000
2021-06-03,116.325076,116.884948,115.521219,116.416817,18696000
2021-06-04,117.49242,118.968221,117.152229,118.697456,24458000
2021-06-07,118.492659,119.239985,118.074122,119.130386,24120000
2021-06-08,119.611923,119.984341,118.757482,118.93898,24240000
2021-06-09,119.583149,119.655049,118.862603,119.41008,17942000
2021-06-10,119.359501,120.801584,119.20379,120.758438,25904000
2021-06-11,120.999935,121.085229,119.956557,120.513954,21958000
2021-06-14,120.616108,121.44228,119.908955,121.441788,22098000
2021-06-15,121.446242,121.769074,120.063672,120.424194,21562000
2021-06-16,120.575439,120.886868,118.490673,119.782494,26472000
2021-06-17,119.708121,121.518158,119.512238,120.745544,25842000
2021-06-18,120.37212,120.606186,119.031205,119.126419,46116000
2021-06-21,119.512746,120.999951,118.915676,120.813988,27414000
2021-06-22,120.751981,121.396655,120.071608,121.327721,22390000
2021-06-23,121.092667,122.086452,120.835795,121.125893,19148000
2021-06-24,121.694192,122.046777,121.297477,121.495834,21362000
2021-06-25,120.999934,121.627748,120.568502,121.504265,34594000
2021-06-28,121.672874,121.778507,120.410314,121.531548,28526000
2021-06-29,121.664943,122.012572,120.693472,121.270203,23108000
2021-06-30,120.994477,121.25483,120.359724,121.088699,24474000
2021-07-01,120.727181,121.582114,120.53527,121.440788,18110000
2021-07-02,122.140513,124.376035,122.050755,124.230736,25982000
2021-07-06,124.618529,125.391642,123.561265,125.155594,26404000
2021-07-07,126.119627,126.240621,125.118896,125.437263,24060000
2021-07-08,123.009329,124.56596,123.005364,124.018982,23790000
2021-07-09,124.000139,124.703819,123.530517,124.489594,18632000
2021-07-12,125.143683,126.027878,124.58133,125.934647,17668000
2021-07-13,125.997136,127.00778,125.636121,126.297653,19240000
2021-07-14,126.909094,128.266383,126.865948,127.185806,23742000
2021-07-15,127.594434,127.645011,125.492801,125.963905,24218000
2021-07-16,126.616512,126.763793,125.119387,125.929192,20424000
2021-07-19,125.055916,125.17047,122.492598,123.556808,27968000
2021-07-20,124.498518,126.001598,123.331172,125.174934,26312000
2021-07-21,125.099547,126.55006,124.990448,126.503448,20746000
2021-07-22,126.796055,127.429817,126.453881,127.368813,14302000
2021-07-23,129.36135,132.305522,128.736524,131.924667,41506000
2021-07-26,132.235573,133.136619,131.216984,132.936279,30572000
2021-07-27,133.150013,133.297294,129.037504,130.818771,54710000
2021-07-28,135.194624,137.163353,134.168604,134.978409,95130000
2021-07-29,135.033949,135.540762,134.43193,134.664505,31716000
2021-07-30,133.928089,134.195381,133.154484,133.622116,25576000
2021-08-02,134.009414,134.227113,132.697261,133.749069,21634000
2021-08-03,134.027251,134.619357,132.226643,134.518204,20762000
2021-08-04,134.240031,134.537575,133.384598,134.017868,19676000
2021-08-05,134.568279,135.232301,133.740617,135.134598,17870000
2021-08-06,134.926849,135.353816,134.101668,134.625824,20488000
2021-08-09,134.828161,136.059485,134.230092,135.790695,17760000
2021-08-10,136.21618,136.643163,135.2467,135.685577,19414000
2021-08-11,136.056979,136.553864,135.154435,135.16188,15352000
2021-08-12,134.860864,136.174516,134.315385,136.069382,16506000
2021-08-13,136.124932,136.726466,135.909715,136.598511,15948000
2021-08-16,136.397666,137.22831,134.189915,137.175735,22384000
2021-08-17,136.620838,137.132115,134.966512,135.54126,21716000
2021-08-18,135.381064,135.980616,134.212227,134.338684,19258000
2021-08-19,133.333489,135.234767,133.149509,134.56778,21782000
2021-08-20,134.885162,136.426424,134.14131,136.302948,31194000
2021-08-23,136.838548,139.719734,136.479516,138.89357,28454000
2021-08-24,139.45885,140.915318,139.188093,140.103531,19268000
2021-08-25,140.464064,141.023935,140.217112,140.914337,15848000
2021-08-26,140.588039,141.250063,140.198255,140.281082,20610000
2021-08-27,140.491337,143.327893,140.337109,142.823563,28780000
2021-08-30,143.216314,144.773951,142.981257,143.405258,24434000
2021-08-31,143.957207,143.981497,143.098308,143.511383,22448000
2021-09-01,143.811413,145.055132,143.695867,144.025146,21936000
2021-09-02,144.02563,144.32664,142.011273,142.112442,32342000
2021-09-03,141.907624,142.973309,141.23319,142.561218,19850000
2021-09-07,142.65545,143.379962,142.441717,143.097794,20124000
2021-09-08,142.918812,143.216341,141.827823,142.513153,18344000
2021-09-09,142.661409,143.127558,142.003849,142.364365,15314000
2021-09-10,143.030328,143.532192,139.584322,139.721191,36840000
2021-09-13,140.785915,141.778218,140.092156,141.165787,22094000
2021-09-14,141.823314,142.187809,140.588025,141.376007,19674000
2021-09-15,141.601176,143.266414,140.188853,143.24559,27408000
2021-09-16,142.770509,143.117147,141.23421,142.4328,26190000
2021-09-17,141.858059,142.274115,139.318547,139.645844,53384000
2021-09-20,137.028958,137.860585,135.204544,137.582382,46518000
2021-09-21,138.603944,138.863805,137.14451,137.893326,25332000
2021-09-22,138.162112,139.732129,137.415778,139.133575,25056000
2021-09-23,139.831799,140.534986,139.250604,140.058426,20952000
2021-09-24,139.386484,141.163802,139.091422,141.04924,22984000
2021-09-27,139.650295,140.775002,138.919336,139.915604,21882000
2021-09-28,137.518423,137.956302,134.250435,134.716583,45772000
2021-09-29,135.857116,136.02672,132.767661,133.252151,30848000
2021-09-30,133.160926,134.431416,132.461204,132.580215,37996000
2021-10-01,133.345379,135.788201,132.973952,135.423706,35360000
2021-10-04,134.845976,134.845976,129.975737,132.563843,51202000
2021-10-05,132.942212,136.099617,132.942212,134.907959,32404000
2021-10-06,133.64542,136.620828,133.447063,136.437347,24364000
2021-10-07,137.753477,138.89406,137.514456,138.083755,25110000
2021-10-08,138.432877,139.180694,138.076327,138.639679,26526000
2021-10-11,138.150222,139.55858,137.720757,137.775314,17954000
2021-10-12,138.33665,138.363437,134.647143,135.330505,36332000
2021-10-13,136.276191,136.868797,135.399934,136.454224,19654000
2021-10-14,138.330717,140.178937,137.687035,139.993973,31894000
2021-10-15,140.453653,140.556304,139.601201,140.209167,30274000
2021-10-18,139.92006,141.625463,139.913114,141.607605,20396000
2021-10-19,142.212145,142.4849,141.43111,142.062881,20164000
2021-10-20,142.16298,142.369283,140.217558,140.606842,23288000
2021-10-21,140.606886,140.990722,139.348291,140.722931,26292000
2021-10-22,138.009343,139.430595,134.940711,136.438828,50588000
2021-10-25,136.42245,136.868758,134.31387,136.320297,34412000
2021-10-26,138.12192,138.934691,137.170782,138.16655,49236000
2021-10-27,138.262265,147.431476,138.262265,145.018921,85782000
2021-10-28,145.928397,145.951703,143.441444,144.653427,36206000
2021-10-29,143.888785,147.026851,143.4638,146.832458,43320000
2021-11-01,146.832431,146.832431,142.051435,142.320709,46924000
2021-11-02,143.394352,145.407211,143.152349,144.240356,33482000
2021-11-03,144.704524,145.466734,143.405765,145.396317,27494000
2021-11-04,145.918488,148.50611,145.108683,147.052124,38412000
2021-11-05,147.946708,149.09522,146.982191,147.631821,38354000
2021-11-08,148.596855,149.380387,147.213785,147.809372,23052000
2021-11-09,148.009705,148.606276,146.037995,147.697784,19530000
2021-11-10,146.290893,146.856228,143.352683,144.697556,29970000
2021-11-11,145.288705,146.326136,144.406985,144.571625,16518000
2021-11-12,145.413651,147.629846,144.219026,147.459244,22360000
2021-11-15,147.679902,148.323584,146.365267,147.235077,23508000
2021-11-16,146.93509,147.543057,146.104946,146.663834,18904000
2021-11-17,146.814094,147.341731,146.033059,146.833435,19594000
2021-11-18,147.026336,149.346167,146.672267,148.610245,35608000
2021-11-19,148.746116,149.729005,147.678448,147.705719,33682000
2021-11-22,148.108367,148.601287,144.949478,145.102707,30594000
2021-11-23,144.954951,145.457799,142.933663,144.58699,27218000
2021-11-24,144.281011,145.05065,143.189537,144.922211,18040000
2021-11-26,143.165232,143.372519,140.679778,141.017487,30470000
2021-11-29,142.819598,145.098266,142.713965,144.337555,32596000
2021-11-30,143.81982,144.803193,140.44075,140.734329,42068000
2021-12-01,142.81958,144.754092,139.756896,139.895248,34020000
2021-12-02,140.092131,142.685201,139.065112,141.794067,29194000
2021-12-03,142.503231,143.216332,139.150933,140.837494,41230000
2021-12-06,141.867958,142.673299,139.001149,141.981522,30618000
2021-12-07,144.403042,146.321694,144.037063,146.062332,32240000
2021-12-08,146.386611,147.176591,145.205879,146.971771,24270000
2021-12-09,146.381172,147.877806,145.909076,146.428284,23270000
2021-12-10,147.481075,147.756297,145.501435,146.7883,24458000
2021-12-13,146.57008,146.757041,144.324646,144.631119,27070000
2021-12-14,142.787861,143.295657,140.057422,142.727356,38446000
2021-12-15,142.233442,145.518289,140.516628,145.240585,36370000
2021-12-16,145.964109,146.466457,142.429813,143.260956,33650000
2021-12-17,141.331889,142.655453,140.141728,140.563248,50416000
2021-12-20,138.852376,140.612335,138.178941,140.446198,27192000
2021-12-21,140.889043,142.689667,139.350762,142.296417,28756000
2021-12-22,141.89475,145.299108,141.89475,145.214798,26322000
2021-12-23,145.299099,147.028307,145.251488,145.712189,26384000
2021-12-27,146.048911,147.12799,145.963118,146.694077,15976000
2021-12-28,147.020872,147.083359,144.857266,145.484573,18200000
2021-12-29,145.442438,146.208613,144.453617,145.45285,17788000
2021-12-30,145.491514,146.09255,144.797755,145.00206,15688000
2021-12-31,144.852774,145.495957,143.664597,143.664597,18136000
2022-01-03,143.865935,144.655415,142.53494,143.802963,28646000
2022-01-04,144.204158,145.284235,142.538436,143.215836,28400000
2022-01-05,143.236132,143.314979,136.559322,136.645599,54618000
2022-01-06,135.875494,138.79288,135.439098,136.618347,37348000
2022-01-07,137.013088,137.313614,134.653592,135.893845,29760000
2022-01-10,133.970725,137.681555,132.072912,137.532776,44408000
2022-01-11,136.87573,139.066622,135.572006,138.590546,28730000
2022-01-12,139.992961,141.439017,139.541205,140.271164,26108000
2022-01-13,140.379755,141.679029,137.274424,137.450974,31436000
2022-01-14,135.955324,139.588307,135.875494,138.337143,29662000
2022-01-18,135.058714,136.007371,134.328256,134.883163,34872000
2022-01-19,135.404375,136.828609,133.908741,134.008911,28648000
2022-01-20,135.133137,136.497865,131.874562,132.214752,29908000
2022-01-21,131.506631,133.759996,129.020178,129.283005,55652000
2022-01-24,124.945336,130.127512,123.479455,129.731781,76622000
2022-01-25,127.684682,128.338276,125.463538,125.89447,46960000
2022-01-26,130.044187,131.909764,126.099782,128.173645,49130000
2022-01-27,130.227676,131.565117,127.87561,127.947525,31950000
2022-01-28,128.596137,132.263337,127.431764,132.257874,34362000
2022-01-31,133.062214,134.362472,131.12572,134.194351,39986000
2022-02-01,136.466592,136.663467,133.267039,136.515686,68644000
2022-02-02,150.010179,150.304242,144.329635,146.786819,123200000
2022-02-03,144.511107,148.448065,141.496018,141.917038,71518000
2022-02-04,142.268656,143.687426,139.363165,142.118393,57998000
2022-02-07,143.06756,143.06756,137.761409,138.059952,54974000
2022-02-08,137.886858,138.852373,135.890858,138.256302,54284000
2022-02-09,139.807993,141.356202,139.037854,140.431335,40144000
2022-02-10,138.558318,140.324709,136.826129,137.483688,39330000
2022-02-11,137.463892,138.015818,132.306505,133.181778,39958000
2022-02-14,132.164187,135.182742,132.164187,134.415085,34302000
2022-02-15,136.442798,136.976397,134.708142,135.488693,26680000
2022-02-16,135.526358,136.954057,133.817974,136.608917,25022000
2022-02-17,135.126177,135.98954,131.39254,131.452545,38950000
2022-02-18,132.37294,132.971009,129.129256,129.334061,45620000
2022-02-22,128.773664,131.09696,127.172397,128.749374,44990000
2022-02-23,130.569346,130.968543,126.482124,126.54213,32786000
2022-02-24,123.929232,131.909775,123.929232,131.603302,54456000
2022-02-25,132.457222,134.162625,130.671475,133.357285,36406000
2022-02-28,131.959384,134.638732,131.50563,133.949936,38864000
2022-03-01,133.772874,135.138586,132.126493,132.96257,26496000
2022-03-02,133.524424,134.153714,131.98068,133.468384,23520000
2022-03-03,134.895084,135.321067,131.935051,132.801895,24604000
2022-03-04,131.837898,132.75432,129.269117,130.825256,30430000
2022-03-07,130.410173,130.655143,125.259733,125.342552,45112000
2022-03-08,125.215104,130.174118,124.644321,126.062599,40428000
2022-03-09,130.174099,132.639229,128.835659,132.326309,37026000
2022-03-10,130.189988,132.179541,129.839385,131.343948,27102000
2022-03-11,132.394262,132.698752,128.568884,128.805923,31526000
2022-03-14,129.182304,129.339998,124.248087,124.918541,38812000
2022-03-15,125.935145,128.790059,124.689936,128.138931,30920000
2022-03-16,129.661355,132.240033,127.679232,132.187973,35576000
2022-03-17,132.057566,132.981434,131.101464,132.741913,28264000
2022-03-18,132.33078,135.127172,131.174338,135.009644,44566000
2022-03-21,135.047328,135.926566,132.993306,134.98584,26832000
2022-03-22,134.985831,139.893768,134.985831,138.721451,35496000
2022-03-23,137.565531,138.444269,136.705149,137.142029,25154000
2022-03-24,138.058934,140.458111,136.621322,140.411499,26396000
2022-03-25,140.752693,140.87072,138.592053,140.511688,24126000
2022-03-28,139.745501,140.838473,138.665423,140.295959,35050000
2022-03-29,141.478175,142.614777,140.874159,141.337326,34318000
2022-03-30,141.292219,141.550581,140.439268,140.774994,19884000
2022-03-31,140.888552,140.943109,137.884889,137.927536,37524000
2022-04-01,138.356483,139.319516,137.173753,139.001648,25942000
2022-04-04,139.207958,142.533969,139.160347,141.79953,25942000
2022-04-05,141.69788,141.818374,139.231766,139.438553,21418000
2022-04-06,137.612626,138.218126,134.406126,135.42868,32468000
2022-04-07,134.895092,136.040138,133.127202,134.774597,26234000
2022-04-08,134.472069,134.557862,131.875534,132.194901,25142000
2022-04-11,130.742918,131.00971,127.613781,127.767509,36884000
2022-04-12,130.521242,130.521242,125.749675,126.667587,32710000
2022-04-13,126.950737,129.265604,126.693857,128.829208,27928000
2022-04-14,129.409938,129.409938,125.563222,125.69117,31598000
2022-04-18,125.958945,127.1615,125.14765,126.629898,20808000
2022-04-19,126.644775,129.264617,125.958447,128.943283,26490000
2022-04-20,129.819052,130.321899,126.454858,126.990425,31696000
2022-04-21,128.190509,129.032049,123.505725,123.791367,36446000
2022-04-22,123.975351,124.374057,117.950152,118.654823,56884000
2022-04-25,118.124708,122.26697,117.539547,122.06514,46128000
2022-04-26,121.292017,121.50575,117.539531,117.677391,73054000
2022-04-27,113.531166,116.280938,111.812378,113.357605,91820000
2022-04-28,115.460711,118.668694,113.179562,117.550934,48884000
2022-04-29,115.7776,116.953384,112.881538,113.174118,42676000
2022-05-02,112.475399,115.788516,111.676997,115.62735,35534000
2022-05-03,115.476095,117.471112,115.083345,116.372192,24968000
2022-05-04,116.072164,121.84743,114.172362,121.258797,49916000
2022-05-05,119.218668,120.046822,114.062779,115.550484,45840000
2022-05-06,114.240309,116.607744,113.080893,114.797699,39710000
2022-05-09,112.321655,114.133682,111.082401,111.588715,40802000
2022-05-10,114.560659,115.297073,111.975027,113.457275,39900000
2022-05-11,112.308283,115.41064,112.308283,112.67128,37534000
2022-05-12,110.464513,113.358093,108.924242,111.918991,53836000
2022-05-13,113.594143,116.90875,112.673756,115.099205,35038000
2022-05-16,114.013172,115.217717,112.955916,113.506859,25990000
2022-05-17,115.88273,115.941744,113.928385,115.518242,23054000
2022-05-18,114.057333,114.454056,110.641064,110.982246,35126000
2022-05-19,110.51807,112.08363,109.098302,109.479156,34144000
2022-05-20,111.033306,111.263906,104.929261,108.015251,48962000
2022-05-23,108.689186,111.228198,107.849621,110.574104,37184000
2022-05-24,104.904959,105.585832,101.049321,105.101334,76780000
2022-05-25,104.124905,105.626993,103.005161,104.937691,40258000
2022-05-26,104.810737,107.758867,104.362439,106.908897,37948000
2022-05-27,108.585536,111.397296,108.243855,111.395805,37914000
2022-05-31,111.822289,114.786294,111.159766,112.829468,50012000
2022-06-01,113.913508,116.141591,112.321661,112.958397,36606000
2022-06-02,113.065507,116.93304,112.020646,116.65831,37992000
2022-06-03,115.111109,115.367988,112.587964,113.602081,26136000
2022-06-06,115.747838,118.368679,115.211772,115.862892,33542000
2022-06-07,114.533869,116.726251,114.108884,116.189186,31590000
2022-06-08,115.804372,117.598549,115.644197,116.23333,26108000
2022-06-09,115.373932,117.329275,113.835151,113.894165,25798000
2022-06-10,111.523262,112.350425,109.461301,110.250282,41452000
2022-06-13,105.911146,107.899707,105.249122,105.520378,47252000
2022-06-14,105.661704,107.03981,104.932729,105.840721,33706000
2022-06-15,107.655222,110.510128,106.786903,108.864731,39698000
2022-06-16,106.342088,107.757884,104.276162,105.164322,51684000
2022-06-17,105.164319,107.808465,104.184911,106.265221,51376000
2022-06-21,108.036576,111.567399,107.709779,110.629646,47416000
2022-06-22,109.650248,112.417371,109.477671,110.573616,30774000
2022-06-23,111.31151,111.818323,109.594705,111.321922,28362000
2022-06-24,112.068746,117.111071,112.026591,117.007919,41164000
2022-06-27,117.303497,117.60748,114.235349,114.883995,36420000
2022-06-28,114.853238,116.347888,110.931155,111.089348,35792000
2022-06-29,110.637586,112.232898,109.963651,110.785858,24716000
2022-06-30,109.098311,109.979032,105.874952,108.069809,43170000
2022-07-01,107.048244,108.354449,105.855601,107.846153,35476000
2022-07-05,106.222566,112.447613,104.864785,112.334549,39342000
2022-07-06,112.373234,114.641981,110.562198,113.63282,37432000
2022-07-07,114.136662,118.212473,113.892185,117.809303,40936000
2022-07-08,116.288872,118.70391,115.943226,118.37513,38238000
2022-07-11,117.030744,117.030744,114.385107,114.728271,31196000
2022-07-12,115.262361,116.015142,112.758065,113.085854,29960000
2022-07-13,110.785352,113.259902,110.28995,110.440704,43722000
2022-07-14,109.307073,110.182339,107.484634,109.462784,37004000
2022-07-15,111.082408,112.213063,109.990927,110.861229,46770000
2022-07-18,111.716662,112.748138,107.481667,108.136253,43164600
2022-07-19,109.941332,113.085345,108.661906,112.877068,36530900
2022-07-20,112.242312,114.454036,111.557973,112.966331,35600400
2022-07-21,113.343204,113.610995,110.199192,113.40271,32676200
2022-07-22,110.090105,111.419117,105.626993,107.015518,48901200
2022-07-25,107.52134,108.969371,105.428635,106.628716,34690900
2022-07-26,105.726169,106.321249,103.216909,104.159119,47991000
2022-07-27,108.364371,112.976255,107.124617,112.133217,59858500
2022-07-28,111.448881,113.402726,110.546337,113.283714,32816600
2022-07-29,112.153062,115.753303,112.133222,115.366501,37223400
2022-08-01,114.35486,115.763218,113.402723,113.918465,26034300
2022-08-02,113.065514,115.396249,112.787811,114.186249,20236000
2022-08-03,114.761508,117.647658,114.533398,117.112083,28499000
2022-08-04,116.516997,117.806336,115.931829,117.221176,21602900
2022-08-05,115.277232,117.141818,115.049114,116.507065,19159500
2022-08-08,117.41954,119.165115,115.921915,116.338478,19138300
2022-08-09,116.179779,116.358304,114.761501,115.673958,19086500
2022-08-10,117.806331,119.928789,117.439369,118.718788,30930400
2022-08-11,120.285846,120.494124,117.588141,117.865845,24293700
2022-08-12,119.274198,120.682556,118.480753,120.682556,19096300
2022-08-15,120.137067,121.297482,119.621333,121.079285,19494800
2022-08-16,120.52386,121.426404,119.651077,120.702385,19041200
2022-08-17,119.135342,120.29575,118.401403,118.570015,22847000
2022-08-18,118.451012,119.829618,117.746833,119.184944,17987700
2022-08-19,118.084025,118.173291,115.802883,116.249191,21809500
2022-08-22,114.255681,114.682156,112.916748,113.303551,21456600
2022-08-23,112.549784,114.067241,112.500191,112.926666,15870400
2022-08-24,112.569619,113.839126,111.944786,112.758064,17734600
2022-08-25,113.303561,115.763235,113.174629,115.69381,16956800
2022-08-26,113.779609,114.176332,109.286744,109.435509,37245700
2022-08-29,109.088391,110.040521,107.908151,108.523064,21191200
2022-08-30,109.266918,109.594215,106.91635,108.047005,27513300
2022-08-31,109.742982,109.94134,107.243635,107.332901,28627000
2022-09-01,107.3924,109.54461,106.479943,108.840431,28360900
2022-09-02,109.683465,109.832237,106.380767,106.965927,24160700
2022-09-06,106.420437,107.144449,104.912893,105.934448,25068300
2022-09-07,106.182403,109.078472,106.023718,108.552811,23167000
2022-09-08,107.154368,108.701578,106.281584,107.491577,24238300
2022-09-09,108.175931,110.08019,108.126338,109.742981,23197700
2022-09-12,110.08018,110.70502,109.028871,109.951248,22966800
2022-09-13,106.916336,107.412237,103.236741,103.464859,38172900
2022-09-14,103.712822,104.417001,102.810285,104.139297,26395100
2022-09-15,103.177228,104.407061,101.510999,102.066414,34188300
2022-09-16,101.233317,102.284626,100.112583,101.957336,42797200
2022-09-19,100.915934,102.482984,100.717576,102.225113,23036800
2022-09-20,101.243225,101.530849,99.696008,100.310928,26517100
2022-09-21,100.836579,102.036659,98.456251,98.466171,31487300
2022-09-22,98.009951,100.410111,97.980198,99.31913,34298600
2022-09-23,98.813307,98.843067,96.671017,97.930603,31625400
2022-09-26,97.295847,99.061254,96.99831,97.365273,27072700
2022-09-27,98.614939,99.180267,96.075927,96.70076,30072800
2022-09-28,96.849538,99.874532,96.313964,99.229866,32466300
2022-09-29,97.83143,97.83143,95.173398,96.621429,31047200
2022-09-30,96.254469,98.089303,94.776678,94.865944,32941500
2022-10-03,95.966834,98.476094,95.728796,97.831421,27982000
2022-10-04,99.616679,101.005197,99.557165,100.806839,28850800
2022-10-05,99.011674,101.094458,97.990118,100.598557,22176900
2022-10-06,99.854714,102.08627,99.765448,100.588646,22324000
2022-10-07,99.031501,99.705927,97.494211,97.871094,27502800
2022-10-10,98.188478,98.287657,96.214792,97.057823,18225100
2022-10-11,96.631343,98.436424,95.520521,96.383392,26507100
2022-10-12,96.502414,97.940525,95.946999,96.760277,21876400
2022-10-13,94.370033,98.962077,93.606341,98.247978,34574500
2022-10-14,99.170347,99.864613,95.580026,95.768463,25410700
2022-10-17,98.049619,100.10265,98.019866,99.15052,28419200
2022-10-18,102.284617,102.621834,99.150524,99.943962,24060700
2022-10-19,99.190206,100.191922,98.109137,98.813316,23811100
2022-10-20,99.180273,101.481255,98.575273,99.15052,25323200
2022-10-21,97.047891,100.479527,96.918959,100.301003,32458700
2022-10-24,100.96552,101.907729,99.160439,101.679611,27176400
2022-10-25,102.056508,103.960767,101.877983,103.623558,40611400
2022-10-26,95.639544,97.504131,93.91381,94.15184,88114100
2022-10-27,93.745192,94.647736,91.047495,91.46405,60710900
2022-10-28,91.513635,95.758557,91.374784,95.500687,43697300
2022-10-31,94.637819,95.24282,93.209629,93.735283,31675000
2022-11-01,94.667567,95.242814,89.629215,89.728394,47161400
2022-11-02,90.194546,90.432576,86.167822,86.257088,57038300
2022-11-03,85.612419,85.810776,82.656843,82.746109,61288000
2022-11-04,84.69995,85.929783,83.023801,85.870277,51124900
2022-11-07,86.564538,88.171261,86.138062,87.764618,34078900
2022-11-08,88.171272,89.57963,86.872005,88.171272,30429000
2022-11-09,87.724952,88.706842,86.564545,86.604218,31769100
2022-11-10,91.493803,93.616261,90.85905,93.169952,51620100
2022-11-11,93.913803,96.135439,93.150111,95.619705,33090500
2022-11-14,94.310512,95.996581,93.735272,94.915512,30179500
2022-11-15,97.454539,99.319126,95.917242,97.633064,41640800
2022-11-16,97.097494,98.823228,96.839623,98.039703,29105200
2022-11-17,96.175121,98.466183,95.996596,97.553726,26052600
2022-11-18,97.96036,98.089299,95.580039,96.631348,28342300
2022-11-21,96.492487,97.593388,94.578307,94.816338,21647400
2022-11-22,95.163474,96.423068,93.279055,96.254463,23438500
2022-11-23,96.294136,97.950452,96.294136,97.652908,18868100
2022-11-25,97.434707,97.83143,96.601597,96.661102,9701400
2022-11-28,96.244547,96.780122,94.826269,95.262665,26237500
2022-11-29,94.945288,95.332091,93.338565,94.409714,20061700
2022-11-30,94.042734,100.211748,93.646012,100.162155,43647500
2022-12-01,100.191908,101.411829,99.428223,100.162155,28687100
2022-12-02,98.238064,99.943958,98.089292,99.616669,21480700
2022-12-05,98.585189,100.548955,98.188467,98.664536,24405100
2022-12-06,98.486018,98.962079,95.629621,96.185036,24910700
2022-12-07,95.619702,96.085843,93.943553,94.161751,31045400
2022-12-08,94.59815,94.796515,92.68397,92.941841,32213300
2022-12-09,93.001335,93.487324,91.9897,92.069046,28225400
2022-12-12,91.950032,92.793063,90.859051,92.545113,29420000
2022-12-13,96.958637,98.714124,94.251012,94.846092,40593700
2022-12-14,94.419627,96.075943,92.832744,94.290695,28733600
2022-12-15,92.366601,92.872422,89.272181,90.115211,40107000
2022-12-16,90.01602,90.581347,88.786179,89.520119,58011800
2022-12-19,89.520123,89.817659,87.486924,87.715042,29493000
2022-12-20,87.387739,88.448968,86.723233,88.290276,23453800
2022-12-21,88.349779,89.480433,87.596007,88.84568,24745600
2022-12-22,87.437334,87.814216,85.612413,87.040611,27658300
2022-12-23,86.395956,88.815958,86.356283,88.498581,23003000
2022-12-27,88.072083,88.210935,86.296755,86.673637,20097300
2022-12-28,86.26701,87.318319,85.235534,85.314873,19523200
2022-12-29,85.909967,88.121683,85.900047,87.72496,23333500
2022-12-30,86.266999,87.576178,85.860356,87.506752,23986300
2023-01-03,88.855606,90.303645,87.794378,88.389465,28131200
2023-01-04,89.609383,89.906927,86.554629,87.357994,34854800
2023-01-05,86.752987,86.852165,85.195857,85.493393,27194400
2023-01-06,86.078559,86.971183,84.16438,86.624046,41381500
2023-01-09,87.635694,89.311843,87.139793,87.298477,29003900
2023-01-10,85.275197,87.943141,85.126425,87.69519,30467800
2023-01-11,88.448968,90.849129,88.280364,90.769783,26862000
2023-01-12,90.730125,91.116928,89.014303,90.382988,30258100
2023-01-13,90.105282,91.434302,89.391183,91.364876,26329200
2023-01-17,91.305357,91.493801,89.311838,90.541672,32602400
2023-01-18,91.384713,92.039306,89.897009,90.373077,29116700
2023-01-19,89.976337,92.842646,89.887071,92.287239,37000400
2023-01-20,94.32043,97.494203,94.241084,97.216492,63191100
2023-01-23,97.147079,99.219951,96.700771,98.972,40005100
2023-01-24,97.295854,98.793479,96.40323,96.899132,33078500
2023-01-25,94.786583,95.37175,92.991422,94.439453,42330000
2023-01-26,95.708968,96.770197,94.598147,96.720604,30114000
2023-01-27,96.512324,99.497652,96.512324,98.555443,33879800
2023-01-30,96.680945,97.484303,95.609796,96.14537,27226200
2023-01-31,96.07594,98.069458,96.026347,98.029785,29870700
2023-02-01,97.900841,100.360515,96.780107,99.606743,35531100
2023-02-02,104.932742,106.965933,104.744297,106.856834,69883800
2023-02-03,102.086256,106.92625,101.739126,103.921089,65309300
2023-02-06,101.560602,103.504534,101.04486,102.056503,31999600
2023-02-07,102.373886,107.293227,102.274707,106.757652,49010200
2023-02-08,101.213475,102.294536,97.236343,98.555443,94743500
2023-02-09,99.18028,99.210033,92.862493,94.231186,119455000
2023-02-10,94.667561,95.956907,93.4774,93.794777,54980700
2023-02-13,93.963397,94.419625,93.070773,93.834465,50076100
2023-02-14,93.655927,94.072482,91.503717,93.903877,54726100
2023-02-15,93.715449,96.323895,93.37824,96.14537,50169000
2023-02-16,94.588237,96.879299,93.963397,94.727089,42462600
2023-02-17,94.072493,94.776672,92.445937,93.576591,34284100
2023-02-21,92.237663,92.336842,90.968157,91.037582,33629300
2023-02-22,90.948313,91.354956,89.867252,90.898727,30884000
2023-02-23,91.166506,91.186347,89.024216,90.144951,41206400
2023-02-24,88.706848,89.153156,87.853897,88.399384,36585100
2023-02-27,89.133316,89.42094,88.607654,89.133316,27502300
2023-02-28,88.597735,90.482162,88.587815,89.321747,30142000
2023-03-01,89.242411,90.283799,88.934947,89.619293,31111200
2023-03-02,88.925042,91.523561,88.855609,91.245857,32204400
2023-03-03,91.721932,92.961686,91.692172,92.882339,35160100
2023-03-06,93.249295,95.183315,93.229462,94.350197,32639300
2023-03-07,94.201428,94.885767,92.76331,93.090607,27835500
2023-03-08,93.348485,95.173399,93.229466,93.477417,34103300
2023-03-09,93.279055,94.746918,91.146677,91.563232,28813500
2023-03-10,91.414454,92.029375,89.658967,89.887077,35941000
2023-03-13,89.351501,91.811175,88.686995,90.363144,37335600
2023-03-14,91.801269,93.586517,91.682258,93.199715,36050200
2023-03-15,92.45585,96.135437,91.880602,95.322159,50622100
2023-03-16,95.411413,100.360514,94.717154,99.497643,65492000
2023-03-17,99.43815,101.996996,99.279458,100.787003,61028500
2023-03-20,99.2993,100.915936,99.051349,100.390282,32960400
2023-03-21,100.420015,104.238454,100.390262,104.059929,42110300
2023-03-22,103.41526,105.716242,102.482971,102.522644,43427400
2023-03-23,104.198785,105.428626,103.603705,104.73436,40797800
2023-03-24,104.12936,104.625262,102.988786,104.575676,30393300
2023-03-27,103.762407,103.901259,101.094455,101.62011,31120900
2023-03-28,101.600273,101.610186,98.922402,100.201828,32057900
2023-03-29,101.441595,101.649873,99.824959,100.558891,28779600
2023-03-30,100.082821,100.330772,98.962079,100.062981,33086200
2023-03-31,100.469619,103.038384,100.211748,102.8797,36863400
2023-04-03,101.550687,103.673144,101.094458,103.504539,25035400
2023-04-04,103.47477,104.714523,103.187146,103.861572,24420100
2023-04-05,104.912907,105.230283,102.81029,103.613647,28290500
2023-04-06,104.397157,108.275102,103.47478,107.53125,48711500
2023-04-10,106.103072,106.708064,104.258318,105.567497,27067400
2023-04-11,105.676595,105.85512,103.821921,104.486427,26311800
2023-04-12,105.706342,105.874946,103.484698,103.782242,24370300
2023-04-13,104.972407,106.608883,104.972407,106.549377,24843600
2023-04-14,106.013797,108.046995,105.964204,107.97757,26578000
2023-04-17,103.802074,105.289779,103.663215,105.101334,37571200
2023-04-18,105.61708,105.666673,103.216919,103.643394,26596400
2023-04-19,102.730932,104.119457,102.22511,103.326012,20905700
2023-04-20,103.05824,105.379056,103.018567,104.426926,27820800
2023-04-21,104.60545,105.131104,103.921104,104.545944,25800100
2023-04-24,104.625265,105.755919,103.84174,105.101334,23542800
2023-04-25,104.962483,105.815434,102.98879,102.998711,46664100
2023-04-26,104.059936,105.478214,101.788707,102.859856,53347600
2023-04-27,103.593794,107.481666,102.691257,106.708054,50089200
2023-04-28,106.162577,106.470034,104.228557,106.460114,36139800
2023-05-01,105.964209,107.104784,105.944376,106.321259,26681700
2023-05-02,106.26173,106.321236,102.859847,104.45665,30997200
2023-05-03,104.664956,106.608888,104.099628,104.545944,21795400
2023-05-04,104.625278,104.734377,103.117741,103.831841,23419500
2023-05-05,103.960768,105.012077,103.256589,104.70462,26639300
2023-05-08,104.317816,107.075026,104.297983,106.886581,26511400
2023-05-09,107.5015,109.247075,106.31134,106.470024,36360100
2023-05-10,107.084941,112.014202,107.045268,110.833954,63153400
2023-05-11,114.454049,116.953388,113.472166,115.614456,78900000
2023-05-12,115.72354,117.062472,115.158212,116.546738,41102300
2023-05-15,115.158224,117.5088,115.059045,115.554947,36266800
2023-05-16,115.535101,119.760183,115.475595,118.53035,45035600
2023-05-17,118.629528,120.67264,117.915429,119.849442,33323600
2023-05-18,119.958541,122.299196,119.83953,121.823135,35234200
2023-05-19,122.537233,124.937394,121.148708,121.753708,41353400
2023-05-22,121.932236,125.393626,121.733871,124.02494,35253000
2023-05-23,123.142242,123.608383,121.208222,121.555351,34046300
2023-05-24,120.127156,120.910681,118.877483,119.908958,34182600
2023-05-25,123.499288,124.292733,120.960275,122.467819,42317000
2023-05-26,122.160356,124.233228,121.446257,123.588554,35635900
2023-05-30,124.610095,124.629935,120.999934,122.656242,35076700
2023-05-31,121.743789,123.043048,121.495838,121.862808,37325800
2023-06-01,121.813209,123.400092,121.614852,122.705833,30772700
2023-06-02,122.973622,125.11592,122.745512,123.648048,26980100
2023-06-05,122.993461,126.385424,122.824848,124.977066,32305500
2023-06-06,124.977072,127.238373,124.332398,126.266411,26638300
2023-06-07,125.929194,127.982218,121.118952,121.495834,52539000
2023-06-08,121.228052,122.219855,120.246162,121.138786,29389200
2023-06-09,121.247883,122.745507,120.910674,121.22805,23778300
2023-06-12,121.783465,123.033138,120.66273,122.626495,28306400
2023-06-13,123.955508,124.134033,122.17026,122.814934,22278300
2023-06-14,122.090915,123.033132,120.454439,122.656242,30592300
2023-06-15,122.130586,124.431568,121.396654,124.064598,35246300
2023-06-16,124.897723,125.076248,122.269444,122.517395,45535600
2023-06-20,121.922315,123.548871,121.13879,122.090919,26097500
2023-06-21,121.39667,121.654541,119.11552,119.561836,30306300
2023-06-22,119.01633,122.229769,117.855923,122.140511,26952200
2023-06-23,120.385028,121.783474,120.067652,121.337158,34913600
2023-06-26,119.770102,120.999936,117.300508,117.369934,33969900
2023-06-27,116.12027,118.103876,115.1483,117.360023,39535900
2023-06-28,116.13018,119.403132,115.89215,119.194855,27091400
2023-06-29,118.262562,119.07584,117.330273,118.123711,24090900
2023-06-30,119.184937,120.087481,118.708876,118.718788,29532200
2023-07-03,118.262567,119.204784,117.846011,118.91716,14467900
2023-07-05,118.262557,121.604935,118.252644,120.751984,27584800
2023-07-06,118.817971,119.313872,117.429445,119.125427,24745200
2023-07-07,119.115516,120.057733,118.421257,118.500603,21709500
2023-07-10,117.330263,117.340176,115.187966,115.495422,35315200
2023-07-11,115.336741,116.745099,114.404444,116.179771,23078800
2023-07-12,117.826162,119.343619,117.439359,117.955093,30404400
2023-07-13,119.938718,123.806751,119.462649,123.519127,44297900
2023-07-14,123.776994,125.740759,122.477727,124.391907,33283100
2023-07-17,124.907654,126.058141,123.181911,123.628227,25716200
2023-07-18,123.578617,123.657963,121.952061,122.745506,26193600
2023-07-19,123.578611,124.153858,120.801568,121.029678,37224000
2023-07-20,120.424696,123.072808,117.25093,118.222893,37906800
2023-07-21,119.631251,119.998213,117.756744,119.036163,72937900
2023-07-24,120.66273,121.991742,119.988304,120.533791,29686100
2023-07-25,120.365183,122.140511,120.027966,121.208214,52509600
2023-07-26,129.003788,129.906317,127.268133,128.210342,61682100
2023-07-27,130.590645,132.147782,127.734248,128.339249,44952100
2023-07-28,129.707947,132.643689,129.499677,131.493195,36591200
2023-07-31,131.641977,132.435423,130.699768,131.632065,28055500
2023-08-01,129.707957,131.542798,129.608771,130.471649,23166800
2023-08-02,128.388858,129.023611,126.514351,127.327637,26273300
2023-08-03,126.921003,128.329361,126.375509,127.397064,20089500
2023-08-04,128.22026,130.431976,126.861495,127.059853,26147200
2023-08-07,128.10126,130.531174,127.962408,130.451828,22746300
2023-08-08,129.549256,130.43196,128.478107,130.322861,23535200
2023-08-09,130.580758,130.957633,127.942559,128.597153,24912900
2023-08-10,130.243535,130.967547,128.388854,128.626892,20857800
2023-08-11,127.605339,128.864917,127.11935,128.497955,19591100
2023-08-14,128.329334,130.293099,127.902866,130.253433,24695600
2023-08-15,130.025358,130.342727,128.22027,128.716171,19770700
2023-08-16,127.645012,129.212062,126.821821,127.645012,25216100
2023-08-17,128.735999,130.90805,128.23017,128.855011,33446300
2023-08-18,127.45658,128.19052,125.344043,126.415192,30504800
2023-08-21,126.137486,127.674776,125.522565,127.317726,25248700
2023-08-22,127.456562,129.212057,127.268132,128.021896,22054900
2023-08-23,129.112892,132.316426,128.805435,131.284943,27819700
2023-08-24,132.851987,133.149531,128.507901,128.716171,28500700
2023-08-25,128.478129,129.68813,126.206907,128.815353,26762900
2023-08-28,130.233625,131.453538,129.073217,129.936081,20543300
2023-08-29,131.156001,135.450509,131.156001,133.466904,43075600
2023-08-30,133.675185,135.162889,132.971014,134.766174,28315800
2023-08-31,134.89508,136.868773,134.676882,135.053772,30053800
2023-09-01,136.333237,136.333237,133.744631,134.547989,21543700
2023-09-05,134.329762,135.301724,133.476811,134.657059,19403100
2023-09-06,134.904998,135.410812,132.574256,133.357788,18684500
2023-09-07,132.494936,134.468629,131.860183,134.151245,18844300
2023-09-08,133.804133,135.539789,133.744628,135.262085,23558300
2023-09-11,135.420748,136.353045,134.676896,135.797638,20763400
2023-09-12,135.143063,135.748063,134.081842,134.230606,18405500
2023-09-13,133.98264,135.777801,133.050343,135.589371,20749500
2023-09-14,136.472055,137.563029,135.123203,136.967957,24751000
2023-09-15,136.848929,137.384511,135.361225,136.273682,38919600
2023-09-18,135.490197,138.019297,135.490197,137.077087,21861300
2023-09-19,136.293534,137.275425,135.500089,136.908447,20353700
2023-09-20,136.948096,136.948096,132.52465,132.643677,29927500
2023-09-21,130.362561,131.146078,129.003796,129.370758,31503900
2023-09-22,129.688126,130.94772,128.537646,129.182312,26397300
2023-09-25,128.765757,130.094769,127.902893,130.035263,20094600
2023-09-26,128.706258,129.291418,126.177158,127.516098,25718700
2023-09-27,127.516102,129.82699,127.516102,129.46994,22746500
2023-09-28,128.775649,132.207293,128.726056,131.225403,22513100
2023-09-29,132.187469,132.951161,129.291406,129.787308,30859800
2023-10-02,130.134462,133.318141,130.094782,133.07019,22288000
2023-10-03,132.842069,133.159438,130.759277,131.344437,22989400
2023-10-04,131.70148,134.458705,131.443617,134.131409,26752300
2023-10-05,133.96283,134.379385,132.356099,133.96283,19832600
2023-10-06,132.911496,137.027487,132.911496,136.45224,27597600
2023-10-09,135.81746,137.801066,134.498361,137.285324,19278100
2023-10-10,137.364695,138.574695,136.204287,136.928299,27786600
2023-10-11,137.444035,139.953295,137.444035,139.397888,25884300
2023-10-12,139.893777,140.062382,137.126639,137.830826,24765500
2023-10-13,138.23747,138.852383,135.500085,136.234024,23420500
2023-10-16,137.037393,138.485432,136.858876,137.959778,28501900
2023-10-17,137.493615,138.753194,136.055489,138.574677,23515800
2023-10-18,138.306878,139.566471,136.253854,136.829102,23375000
2023-10-19,137.364671,138.515166,136.253857,136.620819,26066000
2023-10-20,136.204294,136.739861,133.972738,134.48848,26335700
2023-10-23,133.933049,136.531583,132.851988,135.381088,26317900
2023-10-24,136.700202,138.21766,136.293559,137.672165,44814300
2023-10-25,127.109437,127.258202,124.044763,124.580338,84366200
2023-10-26,122.259524,123.31084,120.275918,121.277641,57061100
2023-10-27,121.872728,122.299203,119.224616,121.168549,44566500
2023-10-30,122.20002,124.372071,121.743792,123.439774,28940100
2023-10-31,124.034836,124.3423,121.684269,123.062874,26292300
2023-11-01,123.052972,125.453133,122.705842,125.41346,30082400
2023-11-02,127.367308,127.922715,125.889524,126.444931,27124600
2023-11-03,126.970599,128.468216,126.811907,128.041748,26393100
2023-11-06,127.992152,129.271571,127.615262,129.182312,19052700
2023-11-07,129.638545,130.828705,128.815347,129.896408,29757300
2023-11-08,129.896429,131.12627,129.707984,130.759293,26425800
2023-11-09,130.878296,131.463456,129.003789,129.172394,23747800
2023-11-10,129.033549,131.711413,128.349202,131.503128,26913300
2023-11-13,130.699776,131.503134,130.174122,131.007233,18324800
2023-11-14,133.090008,134.587625,132.227145,132.524673,32395200
2023-11-15,133.764415,133.923107,132.475084,133.516464,23861500
2023-11-16,134.081814,136.095172,133.21895,135.807541,28013200
2023-11-17,134.885183,134.944688,132.55444,134.200836,37240600
2023-11-20,132.594105,135.53976,132.524672,135.133118,27815500
2023-11-21,135.172795,136.055499,134.845514,135.847229,22635300
2023-11-22,136.343124,138.277136,136.343124,137.354767,17813900
2023-11-24,136.898531,136.997717,134.87526,135.569519,12514300
2023-11-27,134.914904,137.285312,134.885151,135.291794,23436500
2023-11-28,134.964534,136.124941,134.30994,136.075348,18730000
2023-11-29,136.442322,137.156406,133.734689,133.883469,23967200
2023-11-30,133.942966,134.438867,130.203865,131.443619,38988300
2023-12-01,130.779114,131.027064,129.598866,130.779114,31442300
2023-12-04,128.815343,128.964107,126.85157,128.210342,36669900
2023-12-05,127.892958,131.056812,127.1987,129.916245,27384800
2023-12-06,130.362567,130.759282,128.815357,128.954208,23576200
2023-12-07,133.933034,137.424184,133.595825,135.807541,56767100
2023-12-08,133.099936,135.281899,132.931331,133.883469,32260100
2023-12-11,131.294859,132.246981,130.283216,132.197388,31138000
2023-12-12,130.72956,131.909808,130.184065,131.433746,29032800
2023-12-13,132.286665,132.405676,130.491504,131.483307,30104800
2023-12-14,132.286642,132.623852,128.626888,130.858444,38722400
2023-12-15,130.541084,132.415591,130.104688,131.513062,50847100
2023-12-18,131.542801,136.025738,131.344428,134.686813,32258000
2023-12-19,135.718276,136.343116,134.964511,135.529831,25476800
2023-12-20,137.830819,140.538436,136.938203,137.205978,49107200
2023-12-21,138.346567,139.536727,138.039095,139.268936,27488300
2023-12-22,139.616055,140.826056,139.55655,140.330154,26532200
2023-12-26,140.429358,141.510419,140.032643,140.35994,16780300
2023-12-27,140.429346,140.915334,138.743284,139.219345,19628600
2023-12-28,139.626,139.98305,138.604444,139.080505,16045700
2023-12-29,138.485431,139.209443,137.642393,138.544937,18733000
2024-01-02,137.414274,138.30689,135.361235,137.037384,23711200
2024-01-03,136.124926,138.485421,135.956321,137.781235,24212100
2024-01-04,137.285346,138.019286,135.232322,135.271988,27137700
2024-01-05,135.629029,136.035672,134.042138,134.617386,22513900
2024-01-08,135.172774,137.870478,135.143021,137.701874,21404000
2024-01-09,137.364673,140.330168,137.017536,139.794586,24759600
2024-01-10,139.844202,141.827808,139.754943,141.113708,21320200
2024-01-11,142.31379,144.029604,139.487146,140.915344,24008700
2024-01-12,141.500507,142.026162,140.657484,141.480667,18785500
2024-01-16,140.835987,143.166729,140.290492,141.321976,22670500
2024-01-17,140.191322,140.677295,137.761393,140.310333,20968600
2024-01-18,140.885593,143.02789,140.826087,142.303864,25746400
2024-01-19,143.553543,145.249518,143.196494,145.180099,34271900
2024-01-22,145.894206,147.173625,144.644525,144.793304,32200400
2024-01-23,144.694089,145.973508,144.307286,145.834656,21636100
2024-01-24,147.322387,148.621661,146.886006,147.481079,25233500
2024-01-25,148.839859,151.795427,148.314189,150.625092,29149100
2024-01-26,149.861413,151.289596,149.772139,150.942474,26115500
2024-01-29,150.813522,152.519424,150.188681,152.251633,27784300
2024-01-30,151.547441,152.360712,149.950639,150.21843,36331800
2024-01-31,142.442688,142.819578,138.723428,138.951553,71910000
2024-02-01,140.954991,141.887288,139.635891,140.002869,40466500
2024-02-02,138.118456,141.450914,135.381085,141.212891,62499600
2024-02-05,141.649277,144.277548,141.609596,142.502213,38505400
2024-02-06,143.464257,144.168443,142.016233,142.918777,29128200
2024-02-07,143.573365,144.426316,142.750167,144.34697,25208900
2024-02-08,144.634597,145.130499,143.910586,144.713943,22563800
2024-02-09,145.477606,148.214991,144.981704,147.778595,26829500
2024-02-12,147.203352,148.115809,146.161956,146.320648,21564100
2024-02-13,143.732043,145.467698,142.51213,143.950241,27837700
2024-02-14,144.88255,145.318946,142.908857,144.743698,22704200
2024-02-15,141.966648,142.343538,139.308624,141.599686,37590700
2024-02-16,141.817903,142.016261,138.991259,139.368149,31468900
2024-02-20,138.515172,140.915333,138.346568,139.963196,25144700
2024-02-21,140.290496,141.520337,139.526804,141.381485,23223300
2024-02-22,143.74197,143.811403,141.62944,142.908859,27191900
2024-02-23,142.492276,143.493991,142.254238,142.779907,19493800
2024-02-26,140.974853,141.272397,136.263789,136.442322,53641800
2024-02-27,136.888611,138.108524,135.966227,137.741562,33099200
2024-02-28,136.769614,136.878713,134.300035,135.262085,37328600
2024-02-29,136.154677,137.721727,135.281886,137.325012,42133000
2024-03-01,137.295242,137.731638,135.797626,136.015823,31151100
2024-03-04,134.547943,134.547943,130.828684,132.256882,55999400
2024-03-05,130.798956,132.147809,129.598868,131.582474,40194800
2024-03-06,132.028762,132.484998,129.777381,130.322861,35318600
2024-03-07,131.70148,133.833865,130.53116,133.278458,37738200
2024-03-08,133.109843,136.958027,132.901558,134.300003,39370400
2024-03-11,135.014104,137.959759,135.014104,136.541473,32437800
2024-03-12,135.906734,138.237476,135.906734,137.364685,27563400
2024-03-13,137.860571,139.933435,137.850659,138.644089,23347200
2024-03-14,140.03264,142.41296,139.308628,141.926987,42753400
2024-03-15,141.331907,142.006326,138.882153,140.02272,49475400
2024-03-18,147.391806,150.902781,145.963607,146.469421,69273700
2024-03-19,146.945525,147.570351,144.882574,145.824783,24070400
2024-03-20,146.786828,147.639779,145.537161,147.520767,21311500
2024-03-21,148.244757,149.137374,145.695817,146.390091,24755600
2024-03-22,147.897635,150.337477,147.758783,149.534119,29211800
2024-03-25,148.71092,149.147315,146.608303,148.839859,19229300
2024-03-26,148.988613,151.011884,148.750575,149.434921,22149100
2024-03-27,149.940742,150.396978,147.679433,149.633286,22879200
2024-03-28,149.613449,150.188681,148.939015,149.69278,24485400
2024-04-01,149.454782,154.46339,149.375436,154.215439,31730800
2024-04-02,152.241736,153.431897,150.902797,153.293045,24586000
2024-04-03,152.340899,153.808762,151.47802,153.65007,24705000
2024-04-04,152.241737,153.501331,149.216735,149.296082,34724700
2024-04-05,148.800155,152.162365,148.373687,151.249908,23459200
2024-04-08,151.527619,153.997213,151.359014,153.580658,20702000
2024-04-09,154.810486,157.26024,153.917869,155.316315,31079500
2024-04-10,154.92951,155.326225,153.412038,154.860077,22838600
2024-04-11,155.62378,158.371063,155.177472,158.103287,27166400
2024-04-12,156.665152,158.906621,155.851867,156.437027,25353700
2024-04-15,157.557787,157.934677,153.322785,153.590576,27136500
2024-04-16,152.926068,154.374092,152.172289,153.134338,20779500
2024-04-17,154.344352,155.79239,153.312883,154.195587,21763100
2024-04-18,154.066649,155.65354,153.35255,154.731155,19883000
2024-04-19,154.919578,155.07827,151.051554,152.826874,32615600
2024-04-22,153.045064,156.347769,152.797114,154.998917,26446200
2024-04-23,155.673346,157.666864,154.998912,156.962677,21151600
2024-04-24,156.199036,158.261988,155.881652,157.825592,22779100
2024-04-25,150.08949,155.207195,149.633254,154.721207,57109700
2024-04-26,172.940642,173.277867,168.259332,170.540482,64665300
2024-04-29,167.674175,168.160163,163.855743,164.788025,45610000
2024-04-30,164.252467,166.722062,161.267146,161.445663,33562900
2024-05-01,162.953196,165.750071,161.753108,162.5168,33493200
2024-05-02,163.439195,165.363295,162.546578,165.254196,24294500
2024-05-03,166.186464,166.583194,161.713439,165.869095,34662400
2024-05-06,166.087308,166.761727,164.669022,166.722061,21871300
2024-05-07,167.118764,170.352036,167.009665,169.846222,28039700
2024-05-08,167.614657,168.755224,167.356794,167.991547,19569100
2024-05-09,168.001483,169.29083,166.801395,168.566818,15346700
2024-05-10,166.652604,168.457692,164.827691,167.267517,29799900
2024-05-13,162.913507,167.892361,162.655644,167.75351,31327600
2024-05-14,168.37836,169.846224,167.41631,168.94368,25127100
2024-05-15,169.231292,171.234723,169.112266,171.095871,26948400
2024-05-16,171.869478,173.684479,171.274406,172.752182,27867900
2024-05-17,172.752197,174.825076,172.266223,174.616791,24479300
2024-05-20,174.74573,177.304583,174.636631,175.469742,22554400
2024-05-21,175.449896,176.689649,174.368834,176.39212,16989400
2024-05-22,175.192037,175.697851,173.773766,174.934174,17880000
2024-05-23,175.61853,176.788851,171.532293,172.12738,21024900
2024-05-24,173.545645,174.329177,172.226545,173.555573,16579400
2024-05-28,173.020013,175.816904,172.940667,174.954025,20572200
2024-05-29,173.991936,175.390381,173.287764,174.458084,23388700
2024-05-30,173.763824,173.783665,170.381774,170.699158,22931500
2024-05-31,170.451215,171.641375,168.051054,171.085968,37638900
2024-06-03,171.125632,173.099325,169.756955,171.750473,27459100
2024-06-04,171.859588,172.424923,170.480983,172.365402,26879600
2024-06-05,173.763837,175.201948,172.504243,173.972122,22068500
2024-06-06,174.458098,175.697851,174.309333,175.281296,23251000
2024-06-07,175.598673,176.411943,172.871215,173.029907,19661400
2024-06-10,173.734901,175.810145,171.540495,173.774612,23726700
2024-06-11,174.97609,175.591709,172.543387,175.37326,21540600
2024-06-12,176.991733,179.136489,174.86684,176.534973,27864700
2024-06-13,174.866844,175.492402,173.645531,173.923553,20913300
2024-06-14,172.990187,175.810136,172.920674,175.542038,18063600
2024-06-17,174.221442,177.100965,173.576022,175.988876,19618500
2024-06-18,175.889566,176.137802,172.871033,173.854034,21869900
2024-06-20,174.132068,176.038513,173.754761,175.055511,20160100
2024-06-21,175.750575,179.573404,175.363328,178.362015,57759000
2024-06-24,178.888262,179.613105,177.408774,177.954895,18298000
2024-06-25,178.352068,182.989101,178.153483,182.730942,23130200
2024-06-26,181.34084,183.207559,181.191889,182.582016,19839000
2024-06-27,182.879883,184.736693,182.721024,184.101212,18848900
2024-06-28,183.018892,183.823172,180.675551,180.864197,29156600
2024-07-01,181.737999,182.582005,180.020215,181.698288,16006100
2024-07-02,180.764919,184.260076,180.278373,183.932404,17372500
2024-07-03,183.545147,184.776384,182.701141,184.508301,10242100
2024-07-05,184.548017,189.512722,184.488443,189.254562,20967500
2024-07-08,188.559502,188.8276,186.454472,187.695648,21035900
2024-07-09,188.966625,190.009216,187.387852,187.646011,15121400
2024-07-10,187.814775,190.396428,187.695627,189.830444,15952500
2024-07-11,188.509857,189.512722,183.773524,184.260071,25625800
2024-07-12,183.773535,185.789204,183.187703,183.763611,22898400
2024-07-15,183.614652,186.911223,183.614652,185.213287,16474000
2024-07-16,186.037424,187.348098,182.075584,182.621704,18290700
2024-07-17,181.678419,182.254327,178.630083,179.742188,20734100
2024-07-18,180.64576,181.211744,175.22431,176.435699,25315700
2024-07-19,177.617319,179.017355,175.879672,176.40593,18881900
2024-07-22,179.31521,181.410317,178.957751,180.387589,24100300
2024-07-23,180.764903,182.313889,180.258494,180.506729,36352700
2024-07-24,172.374561,174.946275,170.607128,171.411407,49585200
2024-07-25,171.302199,172.19584,166.009821,166.099182,44852000
2024-07-26,165.970087,166.903454,162.901903,165.821152,41336900
2024-07-29,167.638242,169.226939,166.804175,168.333298,20293800
2024-07-30,169.038286,170.021288,167.250989,169.087921,18959700
2024-07-31,172.017113,173.019978,168.809903,170.329102,25729100
2024-08-01,169.048217,172.821396,167.687892,169.554611,24531400
2024-08-02,165.265133,167.320514,163.507623,165.483582,29130100
2024-08-05,154.402326,163.269282,153.836342,158.125854,53630700
2024-08-06,158.205305,159.436558,155.305919,157.172638,49004600
2024-08-07,160.111761,161.829545,157.351386,157.818069,25138600
2024-08-08,159.376956,162.534516,159.079086,160.88623,25578800
2024-08-09,158.880511,162.633827,157.93722,162.514679,28602300
2024-08-12,163.189865,163.735971,160.697573,161.144394,15895300
2024-08-13,162.2565,163.567174,161.819603,163.001205,18551700
2024-08-14,161.25363,162.067849,156.596749,159.237961,40591100
2024-08-15,159.367052,160.499004,158.483335,160.161407,31524300
2024-08-16,160.33019,163.894844,159.992593,161.809677,24208600
2024-08-19,164.113297,165.513348,163.100493,165.493484,22416200
2024-08-20,165.721871,167.449594,165.642449,165.999893,18341500
2024-08-21,163.98422,165.672232,163.507612,164.679291,22902000
2024-08-22,166.079336,166.407009,162.157222,162.643768,22493300
2024-08-23,163.557256,165.006942,162.673539,164.450897,13955700
2024-08-26,165.205524,166.367263,163.299079,164.987076,14190400
2024-08-27,164.669348,165.265118,163.299099,163.517532,11821900
2024-08-28,163.874983,164.431043,160.389765,161.700455,16407400
2024-08-29,163.15014,164.798426,159.118802,160.638,19699800
2024-08-30,161.47207,162.504737,160.548642,162.226715,22123800
2024-09-03,160.578415,160.707502,155.375398,156.249191,38945300
2024-09-04,155.554136,157.877614,154.85908,155.345612,19353800
2024-09-05,155.196684,158.324442,154.878935,156.130051,18688700
2024-09-06,156.189629,156.715886,149.487277,149.85466,37912100
2024-09-09,151.634372,152.519261,146.37475,147.856201,39260500
2024-09-10,149.58622,150.401519,147.488333,147.806503,31118800
2024-09-11,149.059243,150.630174,146.673029,150.29213,29607700
2024-09-12,152.91699,153.931138,151.773584,153.80188,29621500
2024-09-13,154.537625,157.470701,154.318902,156.555984,29591200
2024-09-16,156.406818,157.341423,155.700903,157.152512,18379800
2024-09-17,158.107008,159.628223,157.470683,158.405289,20715600
2024-09-18,158.942218,159.578543,157.689457,158.892502,23677300
2024-09-19,162.770084,162.849612,160.413681,161.209091,26587700
2024-09-20,162.561308,162.789983,161.129573,162.650787,40896400
2024-09-23,163.406392,164.539846,160.741771,160.920746,24150900
2024-09-24,162.093987,162.282899,159.767426,161.358231,23332100
2024-09-25,160.542946,161.875249,160.373924,160.562836,18869200
2024-09-26,162.700479,163.137955,161.348287,161.7957,20319300
2024-09-27,161.875258,164.748666,161.696299,163.008713,21101300
2024-09-30,162.382324,165.196062,162.322655,164.897797,20413900
2024-10-01,166.727243,168.188805,163.635098,166.031265,28338100
2024-10-02,165.464528,166.558218,163.784228,164.907745,17760200
2024-10-03,163.466073,165.683266,162.978881,164.907745,15073100
2024-10-04,167.095104,167.264126,164.529915,166.100845,19047400
2024-10-07,166.757041,167.512672,161.815575,162.04425,22463100
2024-10-08,162.998757,163.784215,161.934893,163.436234,23072700
2024-10-09,162.511577,163.893596,158.822886,160.93071,31181800
2024-10-10,159.946385,162.133766,159.479082,161.149445,14144100
2024-10-11,161.199152,162.958979,160.314263,162.30278,15344300
2024-10-14,162.70048,165.275606,162.461853,164.012909,19016100
2024-10-15,164.838132,166.71728,163.684804,164.51004,20247200
2024-10-16,163.585389,164.848102,162.799931,164.211777,16406000
2024-10-17,164.77848,165.414805,161.82553,161.994553,21453400
2024-10-18,162.25306,163.764337,162.143691,162.481735,19757700
2024-10-21,162.014441,163.555545,161.686334,163.128021,20946500
2024-10-22,162.044262,164.818252,162.044262,164.191864,16568100
2024-10-23,163.814056,164.867983,161.000303,161.845428,18280500
2024-10-24,161.895136,162.392265,160.085578,161.785767,22412500
2024-10-25,162.730317,164.639291,162.481752,164.321136,19828900
2024-10-28,167.781131,167.781131,163.008686,165.762787,32138600
2024-10-29,166.766979,169.401773,166.130654,168.70578,42169000
2024-10-30,179.642617,180.974935,173.060631,173.458344,68890800
2024-10-31,172.136001,175.804817,170.018225,170.127594,44769000
2024-11-01,169.093568,171.330649,167.910397,170.306549,31796500
2024-11-04,168.954367,169.749777,167.045392,168.268341,21492700
2024-11-05,168.457239,169.55093,167.870631,168.765472,18242100
2024-11-06,172.80215,175.924121,172.503869,175.496582,33695500
2024-11-07,176.391415,180.040342,176.172676,179.712234,25352900
2024-11-08,179.612817,179.861382,177.05758,177.326035,22006200
2024-11-11,177.554718,179.513409,177.445349,179.31456,17450400
2024-11-12,178.787587,181.442255,178.360048,180.57724,25134900
2024-11-13,179.423912,179.921041,177.514922,177.852982,23184000
2024-11-14,177.25641,177.793318,173.319154,174.571915,31007500
2024-11-15,172.732551,173.1402,170.236967,171.49968,32504600
2024-11-18,172.424307,174.432714,171.907289,174.293518,20135300
2024-11-19,172.722589,177.843014,172.563504,177.097321,23434900
2024-11-20,176.321797,176.659841,172.782239,174.969604,18997100
2024-11-21,172.901562,173.130253,162.760128,166.667572,59734400
2024-11-22,164.89781,165.504308,162.958993,163.814056,38604600
2024-11-25,165.136398,167.661823,164.659158,166.687439,33135300
2024-11-26,166.667582,168.845011,166.617866,168.149017,20486700
2024-11-27,168.029702,168.506942,167.055333,168.258377,19266500
2024-11-29,167.532582,168.457236,166.200279,167.979996,14257200
2024-12-02,167.801047,171.092041,167.602199,170.505432,23789100
2024-12-03,170.50541,171.688565,169.869085,170.356262,22248700
2024-12-04,170.167352,173.905774,170.077872,173.368866,31615100
2024-12-05,174.353204,175.049182,171.340601,171.648819,21356200
2024-12-06,171.042334,174.074826,170.873311,173.706955,21462400
2024-12-09,173.159458,175.448861,172.850872,174.562958,25389600
2024-12-10,182.008555,185.502397,180.216836,184.317871,54813000
2024-12-11,184.45723,194.709834,183.999355,194.500793,67894100
2024-12-12,194.102618,194.281782,190.827765,191.076614,34817500
2024-12-13,190.130983,191.843069,188.767293,188.946472,25143500
2024-12-16,191.982422,198.084217,191.733573,195.75499,44934900
2024-12-17,196.342287,200.493095,194.082729,194.520706,43504000
2024-12-18,194.321627,196.093435,186.876054,187.533005,34166100
2024-12-19,190.748139,192.14169,187.513095,187.642487,32265200
2024-12-20,184.925063,192.002345,184.367643,190.52916,63462900
2024-12-23,191.733569,194.202168,189.274935,193.734329,25675000
2024-12-24,193.94336,195.20752,192.88824,195.20752,10403300
2024-12-26,194.251949,195.844592,193.485503,194.69989,12046600
2024-12-27,194.052849,194.421157,189.772634,191.872925,18891400
2024-12-30,188.926564,191.663909,188.249685,190.35994,14264700
2024-12-31,190.200671,191.076626,187.642491,188.428864,17466900
2025-01-02,189.772645,191.116439,186.637147,188.558258,20370800
2025-01-03,190.489329,192.320873,189.105726,190.907394,18596200
2025-01-06,193.08732,197.307813,192.957928,195.96402,29563600
2025-01-07,196.202918,200.075016,193.704474,194.590378,26487200
2025-01-08,191.683826,195.386693,191.494697,193.057465,24864800
2025-01-10,193.405875,195.61566,189.434231,191.156265,26665200
2025-01-13,189.19532,190.300197,186.497785,190.130981,21823700
2025-01-14,190.359932,191.096517,187.443407,188.787201,17174900
2025-01-15,192.20143,195.456386,190.977094,194.650116,21776000
2025-01-16,193.246598,194.580428,191.922717,192.022263,17815400
2025-01-17,195.625598,196.322373,192.858392,195.098038,27735100
2025-01-21,198.153921,201.359089,196.959431,197.138611,29971300
2025-01-22,198.14395,199.557413,196.620992,197.457123,26200600
2025-01-23,197.228191,199.378255,194.301718,197.068924,26951400
2025-01-24,197.18836,199.975462,197.088814,199.288651,23877500
2025-01-27,191.524537,195.973967,189.85226,190.927292,41728900
2025-01-28,191.862977,194.580409,189.802496,194.401245,24157900
2025-01-29,194.660046,195.884381,192.539843,194.510742,18218300
2025-01-30,197.08883,200.473177,196.760347,199.945618,24354700
2025-01-31,201.070392,204.534373,200.871316,203.0811,32001100
2025-02-03,199.766447,202.812363,199.179166,200.303955,27838300
2025-02-04,202.454037,206.097198,201.876704,205.430283,43856400
2025-02-05,190.190726,191.862987,187.164707,190.449524,70373900
2025-02-06,188.627935,191.215976,187.851526,190.718277,29297400
2025-02-07,190.170821,190.300213,182.396764,184.487091,49315000
2025-02-10,186.487833,187.333912,185.004684,185.611877,23105600
2025-02-11,184.178504,186.079718,183.431956,184.467178,21239500
2025-02-12,182.376841,184.258142,180.993238,182.765045,22072600
2025-02-13,183.471785,185.422757,182.297207,185.283401,21402500
2025-02-14,184.208378,185.542208,183.471793,184.377594,20448400
2025-02-18,184.745912,185.104256,180.903675,182.924332,29916700
2025-02-19,183.222945,184.606548,182.745143,184.417419,19549400
2025-02-20,183.949564,184.457211,181.879134,183.710663,20441500
2025-02-21,184.297947,184.487075,178.255889,178.833221,35199200
2025-02-24,181.152506,182.277296,178.066766,178.42511,29854200
2025-02-25,177.22067,177.917461,173.886096,174.612732,41913400
2025-02-26,174.264378,175.269725,170.790433,171.935135,35431300
2025-02-27,173.18932,173.756689,167.167158,167.724579,39991000
2025-02-28,167.903756,169.824882,166.002557,169.496399,48130600
2025-03-03,171.138797,172.572173,165.166408,166.24144,40770500
2025-03-04,165.474997,172.492542,165.03702,170.133453,45388000
2025-03-05,169.735305,172.980298,168.282017,172.223801,30954900
2025-03-06,169.745238,174.00554,169.715377,171.55687,28302000
2025-03-07,170.47188,174.164814,169.486446,173.059921,27385800
2025-03-10,167.67857,167.877891,163.12437,165.296829,43604000
2025-03-11,164.340149,166.173787,160.812373,163.473145,39587400
2025-03-12,166.004395,167.06073,162.964931,166.532562,28372400
2025-03-13,165.466251,165.555952,161.549838,162.197586,31756200
2025-03-14,162.705822,165.914696,161.888648,164.918152,31995900
2025-03-17,164.459754,165.72537,163.104453,163.722305,31184300
2025-03-18,163.114385,163.682423,156.178444,160.114792,42074800
2025-03-19,161.20104,165.296839,160.443672,163.323685,34275600
2025-03-20,161.011712,164.320232,160.403819,162.237457,28138500
2025-03-21,160.652947,163.672476,160.334046,163.42334,36625800
2025-03-24,166.492708,167.738389,164.569369,167.100586,30879100
2025-03-25,168.3961,170.040408,167.738392,169.970642,24174400
2025-03-26,168.416012,169.023904,164.270383,164.489624,28901600
2025-03-27,164.061123,164.848386,161.440206,161.679382,24508300
2025-03-28,159.935425,161.260831,153.099129,153.796707,48669300
2025-03-31,152.58094,155.002536,150.139409,154.105652,54603500
2025-04-01,153.089162,157.553692,153.089162,156.527252,30672900
2025-04-02,154.613876,157.862621,154.165434,156.497345,25041700
2025-04-03,150.587855,152.252083,149.870342,150.199203,46883400
2025-04-04,147.498554,150.547993,144.877652,145.096893,62259500
2025-04-07,141.060891,152.321848,140.044411,146.24292,76794100
